"","k","mean_rmse","sd_rmse","cons_obs","beta_obs","cons_sd","beta_sd","rmse_true","n","graph_type","graph_size","error_sd","mean_deg","graph_param","id_col"
"1",10,6.6648254998197,0.388862228732669,-0.440552243152437,0.0278933153048224,NA,NA,0.578981668615717,100,"pl",1000,0.5,12,0.1,"pl 1000 0.5 12 0.1"
"2",20,6.24101283170267,0.805952344832064,-0.052203415961427,0.205812113430199,NA,NA,0.578981668615717,100,"pl",1000,0.5,12,0.1,"pl 1000 0.5 12 0.1"
"3",30,4.99909439435262,1.23805018683826,1.08163537008766,0.730625274337031,NA,NA,0.578981668615717,100,"pl",1000,0.5,12,0.1,"pl 1000 0.5 12 0.1"
"4",40,3.69202162929875,1.11874663511087,2.27641326250794,1.29688923752188,NA,NA,0.578981668615717,100,"pl",1000,0.5,12,0.1,"pl 1000 0.5 12 0.1"
"5",50,2.59425304633294,0.737894092586147,3.2831018288364,1.79221596053354,NA,NA,0.578981668615717,100,"pl",1000,0.5,12,0.1,"pl 1000 0.5 12 0.1"
"6",60,2.01360288203779,0.546396690097383,3.81850749263453,2.06951198697861,NA,NA,0.578981668615717,100,"pl",1000,0.5,12,0.1,"pl 1000 0.5 12 0.1"
"7",70,1.70110701073909,0.411659097069887,4.10987215287862,2.22438255750751,NA,NA,0.578981668615717,100,"pl",1000,0.5,12,0.1,"pl 1000 0.5 12 0.1"
"8",80,1.46232476702609,0.269353950948209,4.33426330350034,2.34813143441718,NA,NA,0.578981668615717,100,"pl",1000,0.5,12,0.1,"pl 1000 0.5 12 0.1"
"9",90,1.3150547575983,0.211536666322202,4.47503970261328,2.42862248114579,NA,NA,0.578981668615717,100,"pl",1000,0.5,12,0.1,"pl 1000 0.5 12 0.1"
"10",100,1.21519940554318,0.169046825896244,4.57236419011557,2.4842493262073,NA,NA,0.578981668615717,100,"pl",1000,0.5,12,0.1,"pl 1000 0.5 12 0.1"
"11",110,1.14263151294252,0.135599681364521,4.64390403385984,2.52628163209405,NA,NA,0.578981668615717,100,"pl",1000,0.5,12,0.1,"pl 1000 0.5 12 0.1"
"12",120,1.0805257587914,0.119591657247991,4.70631424822881,2.56435217056941,NA,NA,0.578981668615717,100,"pl",1000,0.5,12,0.1,"pl 1000 0.5 12 0.1"
"13",130,1.03474835348827,0.10853135181097,4.75301680552547,2.59335368374624,NA,NA,0.578981668615717,100,"pl",1000,0.5,12,0.1,"pl 1000 0.5 12 0.1"
"14",140,0.995476500401386,0.0943453976611781,4.79376699788221,2.61810701837582,NA,NA,0.578981668615717,100,"pl",1000,0.5,12,0.1,"pl 1000 0.5 12 0.1"
"15",150,0.960353702663117,0.0813286985559712,4.83037094472956,2.64196763205384,NA,NA,0.578981668615717,100,"pl",1000,0.5,12,0.1,"pl 1000 0.5 12 0.1"
"16",160,0.934880193875796,0.0742485154247212,4.8576543720772,2.66021163346234,NA,NA,0.579274558613166,98,"pl",1000,0.5,12,0.1,"pl 1000 0.5 12 0.1"
"17",170,0.917036202660303,0.064065408694561,4.87696182397043,2.6712661340193,NA,NA,0.579454470346699,94,"pl",1000,0.5,12,0.1,"pl 1000 0.5 12 0.1"
"18",180,0.897819743287577,0.0584018367006976,4.89726743627413,2.68799225781984,NA,NA,0.579748492178524,84,"pl",1000,0.5,12,0.1,"pl 1000 0.5 12 0.1"
"19",190,0.882981838716375,0.054140035076867,4.9142016909836,2.69842431277261,NA,NA,0.580925786147939,69,"pl",1000,0.5,12,0.1,"pl 1000 0.5 12 0.1"
"20",200,0.876250953862269,0.0515707539076343,4.9213056770083,2.70770367852386,NA,NA,0.579478041110966,54,"pl",1000,0.5,12,0.1,"pl 1000 0.5 12 0.1"
"21",210,0.869119661367887,0.0497981612850554,4.92788343776124,2.71135903590497,NA,NA,0.579873982457099,34,"pl",1000,0.5,12,0.1,"pl 1000 0.5 12 0.1"
"22",220,0.844302955430907,0.0365894965950488,4.94822364963091,2.74132966756715,NA,NA,0.580767205413516,16,"pl",1000,0.5,12,0.1,"pl 1000 0.5 12 0.1"
"23",230,0.847243834641141,0.0464579407442415,4.946672122987,2.73020186771533,NA,NA,0.583863194519455,3,"pl",1000,0.5,12,0.1,"pl 1000 0.5 12 0.1"
"24",10,6.64732152009238,0.311603290203162,-0.422294105980601,0.0361448089983071,NA,NA,0.578470066250367,100,"ws",1000,0.5,12,0.1,"ws 1000 0.5 12 0.1"
"25",20,6.35963365352895,0.479775512614324,-0.157823330760518,0.152690802227899,NA,NA,0.578470066250367,100,"ws",1000,0.5,12,0.1,"ws 1000 0.5 12 0.1"
"26",30,5.62208412185389,0.786715569739319,0.515286261301639,0.463219560794735,NA,NA,0.578470066250367,100,"ws",1000,0.5,12,0.1,"ws 1000 0.5 12 0.1"
"27",40,4.38547108822906,0.934105942984283,1.64713621243883,0.990788352049078,NA,NA,0.578470066250367,100,"ws",1000,0.5,12,0.1,"ws 1000 0.5 12 0.1"
"28",50,3.13647833703469,0.771406391306498,2.78947936657532,1.54080841441218,NA,NA,0.578470066250367,100,"ws",1000,0.5,12,0.1,"ws 1000 0.5 12 0.1"
"29",60,2.2850787874921,0.599494200229773,3.56988691777616,1.93392625222106,NA,NA,0.578496794237368,99,"ws",1000,0.5,12,0.1,"ws 1000 0.5 12 0.1"
"30",70,1.79863145962967,0.445412301790139,4.01877867300387,2.17169759684146,NA,NA,0.578606581061309,94,"ws",1000,0.5,12,0.1,"ws 1000 0.5 12 0.1"
"31",80,1.50303762801201,0.291213717364027,4.29440150358657,2.32329403565138,NA,NA,0.578476556926728,89,"ws",1000,0.5,12,0.1,"ws 1000 0.5 12 0.1"
"32",90,1.3255798829096,0.211048341701736,4.46173630877085,2.42201512707308,NA,NA,0.578895978896207,81,"ws",1000,0.5,12,0.1,"ws 1000 0.5 12 0.1"
"33",100,1.23237166043372,0.177498175977089,4.54678705161368,2.48213423044196,NA,NA,0.579663171872514,70,"ws",1000,0.5,12,0.1,"ws 1000 0.5 12 0.1"
"34",110,1.15701260638416,0.153748130554105,4.61990585040108,2.52750432015029,NA,NA,0.579082824667392,63,"ws",1000,0.5,12,0.1,"ws 1000 0.5 12 0.1"
"35",120,1.10869191073032,0.144777330020769,4.66320332665957,2.55785388923236,NA,NA,0.578176135780102,48,"ws",1000,0.5,12,0.1,"ws 1000 0.5 12 0.1"
"36",130,1.03292698103421,0.113482944534421,4.73760548376243,2.60239470894449,NA,NA,0.577038660834342,41,"ws",1000,0.5,12,0.1,"ws 1000 0.5 12 0.1"
"37",140,1.00638364387295,0.105454597913287,4.76383376432737,2.61770235958596,NA,NA,0.577220106545933,34,"ws",1000,0.5,12,0.1,"ws 1000 0.5 12 0.1"
"38",150,0.971516753514328,0.0917489850248391,4.79648777534263,2.64469326594243,NA,NA,0.576060252414674,27,"ws",1000,0.5,12,0.1,"ws 1000 0.5 12 0.1"
"39",160,0.934595885216385,0.0842455201893705,4.83181970738641,2.68080683168198,NA,NA,0.576239408028323,18,"ws",1000,0.5,12,0.1,"ws 1000 0.5 12 0.1"
"40",170,0.928381039916639,0.0694284261502852,4.84005643565584,2.67520502711971,NA,NA,0.575515915787335,15,"ws",1000,0.5,12,0.1,"ws 1000 0.5 12 0.1"
"41",180,0.901361830066493,0.0694323779324542,4.85793601690858,2.71078890718659,NA,NA,0.570492135898601,12,"ws",1000,0.5,12,0.1,"ws 1000 0.5 12 0.1"
"42",190,0.883575905982343,0.0665938580415975,4.86955046002439,2.73698251063706,NA,NA,0.571241923162038,9,"ws",1000,0.5,12,0.1,"ws 1000 0.5 12 0.1"
"43",200,0.874141102277052,0.0483902231191121,4.8838496768234,2.7408861699273,NA,NA,0.570772637363664,7,"ws",1000,0.5,12,0.1,"ws 1000 0.5 12 0.1"
"44",210,0.85320179663479,0.0507504409166164,4.90719083693458,2.75899494768427,NA,NA,0.570772637363664,7,"ws",1000,0.5,12,0.1,"ws 1000 0.5 12 0.1"
"45",220,0.866272485689157,0.0547473929689152,4.89774682812583,2.7330887807538,NA,NA,0.574949293167252,3,"ws",1000,0.5,12,0.1,"ws 1000 0.5 12 0.1"
"46",230,0.845700809050333,NA,4.94643174315678,2.73170118081695,NA,NA,0.580094673641746,1,"ws",1000,0.5,12,0.1,"ws 1000 0.5 12 0.1"
"47",240,0.843648200954626,NA,4.94524925609857,2.73930720110379,NA,NA,0.580094673641746,1,"ws",1000,0.5,12,0.1,"ws 1000 0.5 12 0.1"
"48",10,6.63049676950505,0.365161618984614,-0.403000157819839,0.0441826395083528,NA,NA,0.574208832014285,100,"pl",1000,0.5,16,0.1,"pl 1000 0.5 16 0.1"
"49",20,5.82956365719187,1.06889373951294,0.331719917811663,0.378058098663551,NA,NA,0.574208832014285,100,"pl",1000,0.5,16,0.1,"pl 1000 0.5 16 0.1"
"50",30,3.96297458758083,1.22494087605349,2.03775321345161,1.17940070136952,NA,NA,0.574208832014285,100,"pl",1000,0.5,16,0.1,"pl 1000 0.5 16 0.1"
"51",40,2.53705624573677,0.974632050785086,3.34504198296185,1.82517430433616,NA,NA,0.574208832014285,100,"pl",1000,0.5,16,0.1,"pl 1000 0.5 16 0.1"
"52",50,1.75347005687202,0.599607027480809,4.07088951118644,2.19725285078353,NA,NA,0.574208832014285,100,"pl",1000,0.5,16,0.1,"pl 1000 0.5 16 0.1"
"53",60,1.30896187295336,0.356802017422752,4.4919035385187,2.42847434867185,NA,NA,0.574208832014285,100,"pl",1000,0.5,16,0.1,"pl 1000 0.5 16 0.1"
"54",70,1.08067680187186,0.208813419838273,4.71587959381171,2.55690238066427,NA,NA,0.574208832014285,100,"pl",1000,0.5,16,0.1,"pl 1000 0.5 16 0.1"
"55",80,0.957428513942263,0.135236633971097,4.84317538962393,2.63299311754101,NA,NA,0.574208832014285,100,"pl",1000,0.5,16,0.1,"pl 1000 0.5 16 0.1"
"56",90,0.87900673110991,0.0962666241218213,4.92863464172996,2.68518412906733,NA,NA,0.574208832014285,100,"pl",1000,0.5,16,0.1,"pl 1000 0.5 16 0.1"
"57",100,0.824203825044328,0.0710563577405627,4.98809745406308,2.73042850651969,NA,NA,0.574379700040334,96,"pl",1000,0.5,16,0.1,"pl 1000 0.5 16 0.1"
"58",110,0.791447028076003,0.0581683424015296,5.02817158147191,2.75331653527336,NA,NA,0.574012179053981,84,"pl",1000,0.5,16,0.1,"pl 1000 0.5 16 0.1"
"59",120,0.778535214849818,0.0453562475884418,5.04425231206142,2.76544300414995,NA,NA,0.575200712563706,61,"pl",1000,0.5,16,0.1,"pl 1000 0.5 16 0.1"
"60",130,0.769807892362362,0.0391113705794796,5.06178293595035,2.76435216231688,NA,NA,0.577124238697287,27,"pl",1000,0.5,16,0.1,"pl 1000 0.5 16 0.1"
"61",140,0.789622319277813,0.0476708802937087,5.03487249026527,2.75580894005651,NA,NA,0.574087433386821,7,"pl",1000,0.5,16,0.1,"pl 1000 0.5 16 0.1"
"62",10,6.6649647489051,0.308197518858368,-0.446195001643176,0.0236954447902536,NA,NA,0.57660412831052,100,"ws",1000,0.5,16,0.1,"ws 1000 0.5 16 0.1"
"63",20,6.09261742261221,0.707259940770934,0.0775079710911625,0.26174850485262,NA,NA,0.57660412831052,100,"ws",1000,0.5,16,0.1,"ws 1000 0.5 16 0.1"
"64",30,5.08250479833037,0.958603403820071,1.00429435010754,0.683656280941988,NA,NA,0.57660412831052,100,"ws",1000,0.5,16,0.1,"ws 1000 0.5 16 0.1"
"65",40,3.33888810733809,0.915526007728141,2.60182821012331,1.43921860680806,NA,NA,0.57660412831052,100,"ws",1000,0.5,16,0.1,"ws 1000 0.5 16 0.1"
"66",50,2.38630145269056,0.669770437819286,3.47939466243678,1.87407365396034,NA,NA,0.57660412831052,100,"ws",1000,0.5,16,0.1,"ws 1000 0.5 16 0.1"
"67",60,1.82657711787802,0.428475528739613,3.99667721041036,2.14601313108111,NA,NA,0.57660412831052,100,"ws",1000,0.5,16,0.1,"ws 1000 0.5 16 0.1"
"68",70,1.5258393215135,0.295345059791948,4.27553092912561,2.30414506372566,NA,NA,0.57660412831052,100,"ws",1000,0.5,16,0.1,"ws 1000 0.5 16 0.1"
"69",80,1.32561093035671,0.220182252918345,4.4634810516464,2.41628326248475,NA,NA,0.57660412831052,100,"ws",1000,0.5,16,0.1,"ws 1000 0.5 16 0.1"
"70",90,1.18941953627738,0.189182355479076,4.59395749486566,2.49995082486305,NA,NA,0.57660412831052,100,"ws",1000,0.5,16,0.1,"ws 1000 0.5 16 0.1"
"71",100,1.09470650277807,0.152478776854538,4.68544463707409,2.56168273529175,NA,NA,0.57660412831052,100,"ws",1000,0.5,16,0.1,"ws 1000 0.5 16 0.1"
"72",110,1.0258960711062,0.136443209556246,4.75333330483138,2.60969864805927,NA,NA,0.57660412831052,100,"ws",1000,0.5,16,0.1,"ws 1000 0.5 16 0.1"
"73",120,0.972147983364354,0.106418072240854,4.80672175798922,2.64905581828848,NA,NA,0.576585452453212,98,"ws",1000,0.5,16,0.1,"ws 1000 0.5 16 0.1"
"74",130,0.931685127139322,0.0900712798496908,4.84911448791742,2.68298242729779,NA,NA,0.576932030109757,83,"ws",1000,0.5,16,0.1,"ws 1000 0.5 16 0.1"
"75",140,0.895424328033326,0.0814694825357109,4.88506132199452,2.71560786320997,NA,NA,0.576584443860805,61,"ws",1000,0.5,16,0.1,"ws 1000 0.5 16 0.1"
"76",150,0.891325968330585,0.0687520814595864,4.89539189648303,2.7122880321062,NA,NA,0.576459810816992,25,"ws",1000,0.5,16,0.1,"ws 1000 0.5 16 0.1"
"77",160,0.916849425140204,0.0689239101739056,4.87996670247367,2.66904509500879,NA,NA,0.576678116508529,7,"ws",1000,0.5,16,0.1,"ws 1000 0.5 16 0.1"
"78",10,6.4759689165928,0.677972797109257,-0.264773210458255,0.107365139940446,NA,NA,0.57675960853679,100,"pl",1000,0.5,20,0.1,"pl 1000 0.5 20 0.1"
"79",20,5.29682979304562,1.45343331476196,0.813689936835763,0.611091767979412,NA,NA,0.57675960853679,100,"pl",1000,0.5,20,0.1,"pl 1000 0.5 20 0.1"
"80",30,2.95727867265897,1.40437591449293,2.95757803473249,1.64176203298254,NA,NA,0.57675960853679,100,"pl",1000,0.5,20,0.1,"pl 1000 0.5 20 0.1"
"81",40,1.59992921533038,0.756875505894266,4.22240142950354,2.28445202843241,NA,NA,0.57675960853679,100,"pl",1000,0.5,20,0.1,"pl 1000 0.5 20 0.1"
"82",50,1.06238557245687,0.337565412940007,4.74728321649162,2.56872097834379,NA,NA,0.577085650267436,97,"pl",1000,0.5,20,0.1,"pl 1000 0.5 20 0.1"
"83",60,0.845694095465988,0.13673382343353,4.9750983430577,2.7136393211691,NA,NA,0.577808043525187,82,"pl",1000,0.5,20,0.1,"pl 1000 0.5 20 0.1"
"84",70,0.76851397935564,0.0769622927299056,5.05845839945348,2.79063819910344,NA,NA,0.577611116243231,47,"pl",1000,0.5,20,0.1,"pl 1000 0.5 20 0.1"
"85",80,0.736680700299349,0.0350951008334929,5.08832993905775,2.84213406294251,NA,NA,0.580420181006752,12,"pl",1000,0.5,20,0.1,"pl 1000 0.5 20 0.1"
"86",90,0.720402475544817,NA,5.11604364440496,2.77835244972658,NA,NA,0.573285287204757,1,"pl",1000,0.5,20,0.1,"pl 1000 0.5 20 0.1"
"87",10,6.61733332713768,0.391314879673892,-0.40561346538487,0.0436731258885212,NA,NA,0.575498195047339,100,"ws",1000,0.5,20,0.1,"ws 1000 0.5 20 0.1"
"88",20,6.02407100867502,0.755343602974499,0.13871417511321,0.28955513447747,NA,NA,0.575498195047339,100,"ws",1000,0.5,20,0.1,"ws 1000 0.5 20 0.1"
"89",30,4.17100856411103,1.15031314148983,1.83659285225423,1.08239437099876,NA,NA,0.575498195047339,100,"ws",1000,0.5,20,0.1,"ws 1000 0.5 20 0.1"
"90",40,2.62821503542306,0.81707510018013,3.2535235691886,1.77107879541713,NA,NA,0.575498195047339,100,"ws",1000,0.5,20,0.1,"ws 1000 0.5 20 0.1"
"91",50,1.85729753200546,0.517251075292519,3.96585553493345,2.14085291073553,NA,NA,0.575498195047339,100,"ws",1000,0.5,20,0.1,"ws 1000 0.5 20 0.1"
"92",60,1.45039029721526,0.335633563359175,4.34701505937363,2.35227142445806,NA,NA,0.575498195047339,100,"ws",1000,0.5,20,0.1,"ws 1000 0.5 20 0.1"
"93",70,1.25517091336411,0.23247675749707,4.53029527317975,2.4657010553515,NA,NA,0.574792825270506,86,"ws",1000,0.5,20,0.1,"ws 1000 0.5 20 0.1"
"94",80,1.11324070346546,0.180135363450834,4.67215668082468,2.55655887890638,NA,NA,0.57557947636371,51,"ws",1000,0.5,20,0.1,"ws 1000 0.5 20 0.1"
"95",90,1.06257527567785,0.208772284070706,4.72966306493448,2.59489559338441,NA,NA,0.5747003125801,12,"ws",1000,0.5,20,0.1,"ws 1000 0.5 20 0.1"
"96",100,1.19381282651475,NA,4.63528844808738,2.40952780162912,NA,NA,0.567867647445267,1,"ws",1000,0.5,20,0.1,"ws 1000 0.5 20 0.1"
"97",10,6.71866414876747,0.204845729223337,-0.460974677597466,0.0172634532069202,NA,NA,0.847423665056027,100,"pl",1000,0.8,12,0.1,"pl 1000 0.8 12 0.1"
"98",20,6.42930154756518,0.513213003814155,-0.195463585271844,0.13726062023029,NA,NA,0.847423665056027,100,"pl",1000,0.8,12,0.1,"pl 1000 0.8 12 0.1"
"99",30,5.44530764918563,0.973560449995441,0.707966244265339,0.55624610136021,NA,NA,0.847423665056027,100,"pl",1000,0.8,12,0.1,"pl 1000 0.8 12 0.1"
"100",40,4.15658091892485,0.970882945079627,1.8964554006716,1.11517568591877,NA,NA,0.847423665056027,100,"pl",1000,0.8,12,0.1,"pl 1000 0.8 12 0.1"
"101",50,3.07796853898193,0.802072520979154,2.89259600866568,1.61285198986768,NA,NA,0.847423665056027,100,"pl",1000,0.8,12,0.1,"pl 1000 0.8 12 0.1"
"102",60,2.43253762732389,0.56411239664109,3.49907768305529,1.92314868193577,NA,NA,0.847423665056027,100,"pl",1000,0.8,12,0.1,"pl 1000 0.8 12 0.1"
"103",70,2.03499635512276,0.414797031904183,3.87878728518811,2.12521218695265,NA,NA,0.847423665056027,100,"pl",1000,0.8,12,0.1,"pl 1000 0.8 12 0.1"
"104",80,1.79727873650816,0.320186918487515,4.11275753600089,2.25127862120391,NA,NA,0.847423665056027,100,"pl",1000,0.8,12,0.1,"pl 1000 0.8 12 0.1"
"105",90,1.63188836968097,0.253384860567947,4.28053676947745,2.33965770556295,NA,NA,0.847423665056027,100,"pl",1000,0.8,12,0.1,"pl 1000 0.8 12 0.1"
"106",100,1.50217560191272,0.194062480575415,4.41432255812009,2.41480843153687,NA,NA,0.847423665056027,100,"pl",1000,0.8,12,0.1,"pl 1000 0.8 12 0.1"
"107",110,1.40881012486695,0.149308787823192,4.51330911728994,2.47077641221674,NA,NA,0.847423665056027,100,"pl",1000,0.8,12,0.1,"pl 1000 0.8 12 0.1"
"108",120,1.33871503017289,0.120812037117815,4.58989528671727,2.51492004530058,NA,NA,0.847423665056027,100,"pl",1000,0.8,12,0.1,"pl 1000 0.8 12 0.1"
"109",130,1.28742716028704,0.10098613766096,4.64793538592579,2.54725152951267,NA,NA,0.847423665056027,100,"pl",1000,0.8,12,0.1,"pl 1000 0.8 12 0.1"
"110",140,1.24380836480106,0.088016604199861,4.69921651676422,2.57556539481921,NA,NA,0.847423665056027,100,"pl",1000,0.8,12,0.1,"pl 1000 0.8 12 0.1"
"111",150,1.21345566634849,0.0823651853965844,4.73625070079425,2.5960610077163,NA,NA,0.847423665056027,100,"pl",1000,0.8,12,0.1,"pl 1000 0.8 12 0.1"
"112",160,1.18258926338436,0.0784454266485414,4.77433498718399,2.61783946684258,NA,NA,0.847423665056027,100,"pl",1000,0.8,12,0.1,"pl 1000 0.8 12 0.1"
"113",170,1.15898357001343,0.068278387715588,4.80342763499071,2.63549422615788,NA,NA,0.847018530167011,98,"pl",1000,0.8,12,0.1,"pl 1000 0.8 12 0.1"
"114",180,1.13864337937133,0.0648381482222794,4.83017231963794,2.6500593549732,NA,NA,0.846309488149687,89,"pl",1000,0.8,12,0.1,"pl 1000 0.8 12 0.1"
"115",190,1.12388175574873,0.0556181838283731,4.85030029971821,2.66154498504427,NA,NA,0.847687548560324,69,"pl",1000,0.8,12,0.1,"pl 1000 0.8 12 0.1"
"116",200,1.10908013576756,0.052553681361549,4.87141514414732,2.66504794824943,NA,NA,0.84829609039723,43,"pl",1000,0.8,12,0.1,"pl 1000 0.8 12 0.1"
"117",210,1.10852105456488,0.0506533400529691,4.87456079253257,2.65270880784464,NA,NA,0.843225837341342,23,"pl",1000,0.8,12,0.1,"pl 1000 0.8 12 0.1"
"118",220,1.10404541965406,0.0412358365477272,4.89085657201766,2.63461704970044,NA,NA,0.842834805201332,11,"pl",1000,0.8,12,0.1,"pl 1000 0.8 12 0.1"
"119",230,1.12640661617445,NA,4.87965512117534,2.63248478168543,NA,NA,0.861119058727974,1,"pl",1000,0.8,12,0.1,"pl 1000 0.8 12 0.1"
"120",10,6.74357402755581,0.109569803539707,-0.492945747202379,0.00258328703727702,NA,NA,0.846853958247508,100,"ws",1000,0.8,12,0.1,"ws 1000 0.8 12 0.1"
"121",20,6.54012848810471,0.371470039102302,-0.304542483459221,0.0864295597100299,NA,NA,0.846853958247508,100,"ws",1000,0.8,12,0.1,"ws 1000 0.8 12 0.1"
"122",30,5.94159768518918,0.690944582247087,0.246622187018189,0.339182260490753,NA,NA,0.846853958247508,100,"ws",1000,0.8,12,0.1,"ws 1000 0.8 12 0.1"
"123",40,4.80752720594831,0.923028296987267,1.29184863626253,0.829600591456008,NA,NA,0.846853958247508,100,"ws",1000,0.8,12,0.1,"ws 1000 0.8 12 0.1"
"124",50,3.6310564608258,0.863682273172008,2.37917351900057,1.35554352608636,NA,NA,0.846853958247508,100,"ws",1000,0.8,12,0.1,"ws 1000 0.8 12 0.1"
"125",60,2.86353622440981,0.583042073867412,3.09148067243621,1.7125075771015,NA,NA,0.846853958247508,100,"ws",1000,0.8,12,0.1,"ws 1000 0.8 12 0.1"
"126",70,2.32794847047207,0.487651385179239,3.59551111606094,1.97924204956999,NA,NA,0.846818962889963,98,"ws",1000,0.8,12,0.1,"ws 1000 0.8 12 0.1"
"127",80,1.94492478196089,0.349814511853072,3.96330573452181,2.17710975524879,NA,NA,0.847384817619639,93,"ws",1000,0.8,12,0.1,"ws 1000 0.8 12 0.1"
"128",90,1.73435491870045,0.266664804948129,4.16817964969744,2.29346986695136,NA,NA,0.84839860207241,85,"ws",1000,0.8,12,0.1,"ws 1000 0.8 12 0.1"
"129",100,1.58299781442493,0.212428178858787,4.31781136373436,2.3862523681278,NA,NA,0.848556900492956,78,"ws",1000,0.8,12,0.1,"ws 1000 0.8 12 0.1"
"130",110,1.47472293254249,0.177076931610869,4.42778278673888,2.44959884861304,NA,NA,0.847631335571688,72,"ws",1000,0.8,12,0.1,"ws 1000 0.8 12 0.1"
"131",120,1.39144093415429,0.153915147926078,4.5181554574633,2.50357983861103,NA,NA,0.848043988261072,64,"ws",1000,0.8,12,0.1,"ws 1000 0.8 12 0.1"
"132",130,1.33894322346382,0.125850589250472,4.57283009539058,2.53978241968136,NA,NA,0.849381372067737,54,"ws",1000,0.8,12,0.1,"ws 1000 0.8 12 0.1"
"133",140,1.29535883148865,0.121552588740064,4.6212914359434,2.57301970534736,NA,NA,0.848727758809214,42,"ws",1000,0.8,12,0.1,"ws 1000 0.8 12 0.1"
"134",150,1.25338994991189,0.11153790106845,4.67079021851575,2.59532409185859,NA,NA,0.848963120364632,37,"ws",1000,0.8,12,0.1,"ws 1000 0.8 12 0.1"
"135",160,1.21994134739944,0.083572845014726,4.70555678720363,2.61430270527316,NA,NA,0.848160517012585,31,"ws",1000,0.8,12,0.1,"ws 1000 0.8 12 0.1"
"136",170,1.19487176612425,0.0748942628697046,4.73539878930101,2.63933913803891,NA,NA,0.850090715361908,29,"ws",1000,0.8,12,0.1,"ws 1000 0.8 12 0.1"
"137",180,1.16644296354458,0.0731647199366871,4.77026218568726,2.6592678955573,NA,NA,0.849133623088351,22,"ws",1000,0.8,12,0.1,"ws 1000 0.8 12 0.1"
"138",190,1.13880076745634,0.0637287693270676,4.79734490063055,2.68640574529238,NA,NA,0.847208529569426,19,"ws",1000,0.8,12,0.1,"ws 1000 0.8 12 0.1"
"139",200,1.11355069067716,0.0558502312929506,4.82727691404371,2.71066916998928,NA,NA,0.8461591612012,15,"ws",1000,0.8,12,0.1,"ws 1000 0.8 12 0.1"
"140",210,1.08868595050154,0.0546600022099765,4.84536633559656,2.73599787400853,NA,NA,0.843891780987683,11,"ws",1000,0.8,12,0.1,"ws 1000 0.8 12 0.1"
"141",220,1.07837634338045,0.0517032955432527,4.85968748735671,2.74869832075295,NA,NA,0.846858076978611,10,"ws",1000,0.8,12,0.1,"ws 1000 0.8 12 0.1"
"142",230,1.07397546546829,0.0468754549252778,4.86738599003937,2.75098730502315,NA,NA,0.848106282829473,9,"ws",1000,0.8,12,0.1,"ws 1000 0.8 12 0.1"
"143",240,1.06790436775627,0.0421775744072285,4.85652516747884,2.76479389404823,NA,NA,0.846258835075518,6,"ws",1000,0.8,12,0.1,"ws 1000 0.8 12 0.1"
"144",250,1.05423319070981,0.0382812127524447,4.87443555398452,2.78272062796945,NA,NA,0.846258835075518,6,"ws",1000,0.8,12,0.1,"ws 1000 0.8 12 0.1"
"145",260,1.05010918986113,0.0315769249571384,4.88386390758851,2.77434038147459,NA,NA,0.844298450593922,3,"ws",1000,0.8,12,0.1,"ws 1000 0.8 12 0.1"
"146",270,1.02389989243565,0.0227749426199737,4.93819611890551,2.8150379044405,NA,NA,0.853191028797202,2,"ws",1000,0.8,12,0.1,"ws 1000 0.8 12 0.1"
"147",280,0.992605705515048,NA,4.94642023450761,2.79016707256663,NA,NA,0.827485253248003,1,"ws",1000,0.8,12,0.1,"ws 1000 0.8 12 0.1"
"148",290,0.998066862808194,NA,4.93659656223655,2.78773627272355,NA,NA,0.827485253248003,1,"ws",1000,0.8,12,0.1,"ws 1000 0.8 12 0.1"
"149",300,0.992884664507468,NA,4.94454456725617,2.79427912619269,NA,NA,0.827485253248003,1,"ws",1000,0.8,12,0.1,"ws 1000 0.8 12 0.1"
"150",10,6.69899441379213,0.244862049141472,-0.434683168229581,0.0285408188657544,NA,NA,0.849793628724094,100,"pl",1000,0.8,16,0.1,"pl 1000 0.8 16 0.1"
"151",20,6.04656945770111,0.980384437533063,0.164893060870376,0.305696840309683,NA,NA,0.849793628724094,100,"pl",1000,0.8,16,0.1,"pl 1000 0.8 16 0.1"
"152",30,4.27217835155417,1.3435741737862,1.79590232086759,1.08709457409764,NA,NA,0.849793628724094,100,"pl",1000,0.8,16,0.1,"pl 1000 0.8 16 0.1"
"153",40,2.8021931308532,0.979242046553387,3.16398202337233,1.75843171298505,NA,NA,0.849793628724094,100,"pl",1000,0.8,16,0.1,"pl 1000 0.8 16 0.1"
"154",50,1.93652788283741,0.53206506545619,3.99071734367974,2.18612287725162,NA,NA,0.849793628724094,100,"pl",1000,0.8,16,0.1,"pl 1000 0.8 16 0.1"
"155",60,1.51092369139249,0.332930031478014,4.42003227907312,2.41830729594417,NA,NA,0.849793628724094,100,"pl",1000,0.8,16,0.1,"pl 1000 0.8 16 0.1"
"156",70,1.29305862967877,0.21416556798074,4.65899833293182,2.55363669958834,NA,NA,0.849793628724094,100,"pl",1000,0.8,16,0.1,"pl 1000 0.8 16 0.1"
"157",80,1.17409906857928,0.151191114791802,4.80077306168644,2.63620271120237,NA,NA,0.849793628724094,100,"pl",1000,0.8,16,0.1,"pl 1000 0.8 16 0.1"
"158",90,1.08880813823953,0.102626117080445,4.91025474798118,2.70083168494379,NA,NA,0.849793628724094,100,"pl",1000,0.8,16,0.1,"pl 1000 0.8 16 0.1"
"159",100,1.04312230752679,0.0778100678691132,4.97540254467319,2.73733201959549,NA,NA,0.850008479125489,99,"pl",1000,0.8,16,0.1,"pl 1000 0.8 16 0.1"
"160",110,1.01191830735784,0.0613515576349263,5.02382115904651,2.7567530555258,NA,NA,0.849306484486549,85,"pl",1000,0.8,16,0.1,"pl 1000 0.8 16 0.1"
"161",120,0.987585107581615,0.0512077812353952,5.06365426729509,2.77737489058222,NA,NA,0.848574941845833,61,"pl",1000,0.8,16,0.1,"pl 1000 0.8 16 0.1"
"162",130,0.971688217263357,0.0504335682618253,5.08620693825558,2.81953063161278,NA,NA,0.848088641391736,22,"pl",1000,0.8,16,0.1,"pl 1000 0.8 16 0.1"
"163",140,0.965579146496293,0.0551328721781464,5.08566673500129,2.81529244863443,NA,NA,0.840191839766624,6,"pl",1000,0.8,16,0.1,"pl 1000 0.8 16 0.1"
"164",150,1.01595481547027,NA,5.08638058364273,2.73342016622814,NA,NA,0.870632207375768,1,"pl",1000,0.8,16,0.1,"pl 1000 0.8 16 0.1"
"165",10,6.71424251514309,0.352186344949108,-0.449043410144475,0.0264823477022804,NA,NA,0.851963389979696,100,"ws",1000,0.8,16,0.1,"ws 1000 0.8 16 0.1"
"166",20,6.39441146082354,0.546873894312711,-0.153310168633153,0.154603786841174,NA,NA,0.851963389979696,100,"ws",1000,0.8,16,0.1,"ws 1000 0.8 16 0.1"
"167",30,5.31167590314737,0.870310847390027,0.84001429110125,0.613758116507731,NA,NA,0.851963389979696,100,"ws",1000,0.8,16,0.1,"ws 1000 0.8 16 0.1"
"168",40,3.89167654042476,0.967827910246879,2.14432146430678,1.24661372665598,NA,NA,0.851963389979696,100,"ws",1000,0.8,16,0.1,"ws 1000 0.8 16 0.1"
"169",50,2.91356483636991,0.782304783707555,3.05080839840539,1.70273399412833,NA,NA,0.851963389979696,100,"ws",1000,0.8,16,0.1,"ws 1000 0.8 16 0.1"
"170",60,2.20884813796448,0.582804764251185,3.71147657473929,2.05620255994111,NA,NA,0.851963389979696,100,"ws",1000,0.8,16,0.1,"ws 1000 0.8 16 0.1"
"171",70,1.89549725630483,0.450303629751348,4.01351357253782,2.22400126556278,NA,NA,0.851963389979696,100,"ws",1000,0.8,16,0.1,"ws 1000 0.8 16 0.1"
"172",80,1.65085895945377,0.30116116179009,4.25315680058321,2.3635184530792,NA,NA,0.851963389979696,100,"ws",1000,0.8,16,0.1,"ws 1000 0.8 16 0.1"
"173",90,1.50510911371319,0.246034404999558,4.40214892415724,2.45214622685664,NA,NA,0.851963389979696,100,"ws",1000,0.8,16,0.1,"ws 1000 0.8 16 0.1"
"174",100,1.3968523795565,0.202366094963032,4.5153905555612,2.52563685923353,NA,NA,0.851963389979696,100,"ws",1000,0.8,16,0.1,"ws 1000 0.8 16 0.1"
"175",110,1.32017537977148,0.183100856459,4.60011367656843,2.57943429402822,NA,NA,0.851963389979696,100,"ws",1000,0.8,16,0.1,"ws 1000 0.8 16 0.1"
"176",120,1.25493855244613,0.15647609754143,4.67522358232279,2.62712892956884,NA,NA,0.852335551130261,96,"ws",1000,0.8,16,0.1,"ws 1000 0.8 16 0.1"
"177",130,1.19580925827249,0.117120492137205,4.74374255752692,2.67619273951357,NA,NA,0.852164582496349,85,"ws",1000,0.8,16,0.1,"ws 1000 0.8 16 0.1"
"178",140,1.1551748980279,0.0974344176541961,4.79614841819839,2.70479537174844,NA,NA,0.851230366257675,66,"ws",1000,0.8,16,0.1,"ws 1000 0.8 16 0.1"
"179",150,1.12199609789876,0.0868742165125671,4.84279157358257,2.74696582885059,NA,NA,0.851699323526859,39,"ws",1000,0.8,16,0.1,"ws 1000 0.8 16 0.1"
"180",160,1.10965204387384,0.0623871037847627,4.86403774346618,2.74207051054251,NA,NA,0.847884199684386,13,"ws",1000,0.8,16,0.1,"ws 1000 0.8 16 0.1"
"181",170,1.08741594560634,0.0277805883879246,4.9009662464586,2.75835637374844,NA,NA,0.854352316169178,2,"ws",1000,0.8,16,0.1,"ws 1000 0.8 16 0.1"
"182",10,6.70709092738833,0.23571536941018,-0.445282580151112,0.0236947003723462,NA,NA,0.847221886184868,100,"pl",1000,0.8,20,0.1,"pl 1000 0.8 20 0.1"
"183",20,5.77973904026641,1.16505679178669,0.409148051430915,0.416675723294897,NA,NA,0.847221886184868,100,"pl",1000,0.8,20,0.1,"pl 1000 0.8 20 0.1"
"184",30,3.66012675164108,1.58208575952378,2.37327337708753,1.37432572391067,NA,NA,0.847221886184868,100,"pl",1000,0.8,20,0.1,"pl 1000 0.8 20 0.1"
"185",40,2.14960272621052,0.995152614774384,3.80365279086727,2.09536118215536,NA,NA,0.847221886184868,100,"pl",1000,0.8,20,0.1,"pl 1000 0.8 20 0.1"
"186",50,1.40585395703281,0.439259209189148,4.55618428534022,2.50533809591229,NA,NA,0.846749106630243,99,"pl",1000,0.8,20,0.1,"pl 1000 0.8 20 0.1"
"187",60,1.11416612252909,0.200229495486041,4.89139756627166,2.70565750175396,NA,NA,0.845689577559177,91,"pl",1000,0.8,20,0.1,"pl 1000 0.8 20 0.1"
"188",70,1.01803616087013,0.1118823798207,5.02158378085266,2.7739136271845,NA,NA,0.844863411557134,54,"pl",1000,0.8,20,0.1,"pl 1000 0.8 20 0.1"
"189",80,0.988920939452529,0.064327629997742,5.05974493693871,2.79951001033201,NA,NA,0.8398673655445,18,"pl",1000,0.8,20,0.1,"pl 1000 0.8 20 0.1"
"190",90,0.958390714987186,0.0264965742990464,5.10182983823402,2.89986360729361,NA,NA,0.837655149159802,4,"pl",1000,0.8,20,0.1,"pl 1000 0.8 20 0.1"
"191",10,6.68830377946095,0.240724216683387,-0.436573991333536,0.0272425797317963,NA,NA,0.849813102051297,100,"ws",1000,0.8,20,0.1,"ws 1000 0.8 20 0.1"
"192",20,6.24635245441192,0.589768539815207,-0.030580642832156,0.211147331919078,NA,NA,0.849813102051297,100,"ws",1000,0.8,20,0.1,"ws 1000 0.8 20 0.1"
"193",30,4.54256220203678,1.1507534565149,1.53387636390928,0.956238067757078,NA,NA,0.849813102051297,100,"ws",1000,0.8,20,0.1,"ws 1000 0.8 20 0.1"
"194",40,3.09509427605576,0.837925714206482,2.87516145380076,1.61275765084455,NA,NA,0.849813102051297,100,"ws",1000,0.8,20,0.1,"ws 1000 0.8 20 0.1"
"195",50,2.27922966425494,0.50806875198841,3.64216323334458,2.01108032305565,NA,NA,0.849813102051297,100,"ws",1000,0.8,20,0.1,"ws 1000 0.8 20 0.1"
"196",60,1.82821190974704,0.377407594926855,4.08079452369315,2.25038301716816,NA,NA,0.849895172562968,99,"ws",1000,0.8,20,0.1,"ws 1000 0.8 20 0.1"
"197",70,1.57705491265687,0.279675068022194,4.33166860875607,2.39983955632906,NA,NA,0.849431107761812,87,"ws",1000,0.8,20,0.1,"ws 1000 0.8 20 0.1"
"198",80,1.38937383061372,0.19347701858261,4.52724549578918,2.51988962955797,NA,NA,0.846948548542088,45,"ws",1000,0.8,20,0.1,"ws 1000 0.8 20 0.1"
"199",90,1.41607012840946,0.126727304792359,4.49479161853515,2.4820478706444,NA,NA,0.838013496035578,8,"ws",1000,0.8,20,0.1,"ws 1000 0.8 20 0.1"
"200",10,6.77168108406757,0.224498141731423,-0.466126135058898,0.0133564556563303,NA,NA,1.04017203709492,100,"pl",1000,1,12,0.1,"pl 1000 1 12 0.1"
"201",20,6.63753065156016,0.361902433303562,-0.342320985018256,0.06910359190184,NA,NA,1.04017203709492,100,"pl",1000,1,12,0.1,"pl 1000 1 12 0.1"
"202",30,5.95659913750721,0.7777793241821,0.285185848037198,0.356938411172161,NA,NA,1.04017203709492,100,"pl",1000,1,12,0.1,"pl 1000 1 12 0.1"
"203",40,4.91777192917283,1.0378936313641,1.24584618528926,0.808897094948644,NA,NA,1.04017203709492,100,"pl",1000,1,12,0.1,"pl 1000 1 12 0.1"
"204",50,3.781472732751,0.805643510499025,2.29872147300854,1.32181063576421,NA,NA,1.04017203709492,100,"pl",1000,1,12,0.1,"pl 1000 1 12 0.1"
"205",60,2.9769732899143,0.644759538752275,3.05554690507693,1.70647916993234,NA,NA,1.04017203709492,100,"pl",1000,1,12,0.1,"pl 1000 1 12 0.1"
"206",70,2.46364449533236,0.460992701269886,3.548636962528,1.96175248867136,NA,NA,1.04017203709492,100,"pl",1000,1,12,0.1,"pl 1000 1 12 0.1"
"207",80,2.15085785326627,0.359061684004989,3.85990438316686,2.12360467906573,NA,NA,1.04017203709492,100,"pl",1000,1,12,0.1,"pl 1000 1 12 0.1"
"208",90,1.9094806901231,0.267984283450515,4.10636787556018,2.25722362787208,NA,NA,1.04017203709492,100,"pl",1000,1,12,0.1,"pl 1000 1 12 0.1"
"209",100,1.75705628627397,0.218001936053991,4.26843848187903,2.345514106555,NA,NA,1.04017203709492,100,"pl",1000,1,12,0.1,"pl 1000 1 12 0.1"
"210",110,1.64260731867854,0.183514405799961,4.39454196385853,2.41534206472111,NA,NA,1.04017203709492,100,"pl",1000,1,12,0.1,"pl 1000 1 12 0.1"
"211",120,1.56780363449333,0.156528814117998,4.4816802004253,2.45991640826142,NA,NA,1.04017203709492,100,"pl",1000,1,12,0.1,"pl 1000 1 12 0.1"
"212",130,1.50687970514086,0.137347390051003,4.55461738876105,2.49851926587249,NA,NA,1.04017203709492,100,"pl",1000,1,12,0.1,"pl 1000 1 12 0.1"
"213",140,1.45857932244806,0.119550126534394,4.61467269508035,2.52851015325297,NA,NA,1.04017203709492,100,"pl",1000,1,12,0.1,"pl 1000 1 12 0.1"
"214",150,1.42240286600909,0.107891698021323,4.66172769178914,2.55093194568711,NA,NA,1.04017203709492,100,"pl",1000,1,12,0.1,"pl 1000 1 12 0.1"
"215",160,1.38725779602456,0.0939770469702998,4.70695331486147,2.57496890689972,NA,NA,1.04026081143585,99,"pl",1000,1,12,0.1,"pl 1000 1 12 0.1"
"216",170,1.36220924186712,0.0823535384417575,4.74191571088894,2.59350223163436,NA,NA,1.04152867625396,93,"pl",1000,1,12,0.1,"pl 1000 1 12 0.1"
"217",180,1.33883355084054,0.0726588441366428,4.77151740154262,2.61016134115306,NA,NA,1.03985369690129,84,"pl",1000,1,12,0.1,"pl 1000 1 12 0.1"
"218",190,1.31670844276788,0.068039738646112,4.80178795772969,2.62767396678897,NA,NA,1.03979751203677,69,"pl",1000,1,12,0.1,"pl 1000 1 12 0.1"
"219",200,1.30890947064251,0.063097392661073,4.81202105269316,2.63645379922169,NA,NA,1.04027636156885,46,"pl",1000,1,12,0.1,"pl 1000 1 12 0.1"
"220",210,1.30195684885949,0.0575830625357165,4.82851620183161,2.6410613057462,NA,NA,1.04196254635385,25,"pl",1000,1,12,0.1,"pl 1000 1 12 0.1"
"221",220,1.29556833504348,0.0537026646269696,4.8423942181621,2.65846329190995,NA,NA,1.04260206181722,12,"pl",1000,1,12,0.1,"pl 1000 1 12 0.1"
"222",230,1.29243182690357,0.0566838905691813,4.86613032577785,2.62971783920552,NA,NA,1.03109552383814,5,"pl",1000,1,12,0.1,"pl 1000 1 12 0.1"
"223",240,1.2729932988024,0.0518597319415062,4.92283533538609,2.63617407664497,NA,NA,1.02990553814736,2,"pl",1000,1,12,0.1,"pl 1000 1 12 0.1"
"224",10,6.79021463226424,0.0839695270313329,-0.496424635704863,0.00141980215494115,NA,NA,1.04209837046646,100,"ws",1000,1,12,0.1,"ws 1000 1 12 0.1"
"225",20,6.64442483617965,0.363966729059812,-0.361673196207762,0.062945910217294,NA,NA,1.04209837046646,100,"ws",1000,1,12,0.1,"ws 1000 1 12 0.1"
"226",30,6.13006170776481,0.565560940159394,0.113562528250016,0.279991400581054,NA,NA,1.04209837046646,100,"ws",1000,1,12,0.1,"ws 1000 1 12 0.1"
"227",40,5.32203573052924,0.742558756969909,0.858513409813828,0.628848556162941,NA,NA,1.04209837046646,100,"ws",1000,1,12,0.1,"ws 1000 1 12 0.1"
"228",50,4.15332546623002,0.799483156173948,1.93655723671393,1.1560552365407,NA,NA,1.04209837046646,100,"ws",1000,1,12,0.1,"ws 1000 1 12 0.1"
"229",60,3.25956615741377,0.709584491697029,2.76842883556094,1.58100110663193,NA,NA,1.04176399646381,98,"ws",1000,1,12,0.1,"ws 1000 1 12 0.1"
"230",70,2.64505512921391,0.567013080301762,3.3514067420054,1.88655687430295,NA,NA,1.04153286049992,97,"ws",1000,1,12,0.1,"ws 1000 1 12 0.1"
"231",80,2.25606249702492,0.423984946303107,3.72541914364096,2.09400791275774,NA,NA,1.04160318401464,94,"ws",1000,1,12,0.1,"ws 1000 1 12 0.1"
"232",90,2.00012709679191,0.315115052932901,3.98155079803275,2.23539495028012,NA,NA,1.04169856683703,93,"ws",1000,1,12,0.1,"ws 1000 1 12 0.1"
"233",100,1.83514715749345,0.252623275951426,4.15175872215174,2.33151952714609,NA,NA,1.04251195518745,86,"ws",1000,1,12,0.1,"ws 1000 1 12 0.1"
"234",110,1.72144228795458,0.202967041394968,4.27541925316679,2.39852313600537,NA,NA,1.04396845430723,78,"ws",1000,1,12,0.1,"ws 1000 1 12 0.1"
"235",120,1.62607917400818,0.173810409582849,4.37966376629488,2.46089042053574,NA,NA,1.04334253955043,71,"ws",1000,1,12,0.1,"ws 1000 1 12 0.1"
"236",130,1.56462608788854,0.152941764789297,4.45097424636658,2.50166050908585,NA,NA,1.043612609618,58,"ws",1000,1,12,0.1,"ws 1000 1 12 0.1"
"237",140,1.51168830881665,0.124377779601272,4.50846564976099,2.53637351338382,NA,NA,1.04317126350806,49,"ws",1000,1,12,0.1,"ws 1000 1 12 0.1"
"238",150,1.47125943541083,0.111108776622033,4.5558218246111,2.5671381258548,NA,NA,1.0430921148439,41,"ws",1000,1,12,0.1,"ws 1000 1 12 0.1"
"239",160,1.44530920458135,0.103829996339621,4.58570666832112,2.58242682976505,NA,NA,1.04247941753307,35,"ws",1000,1,12,0.1,"ws 1000 1 12 0.1"
"240",170,1.41446278759193,0.101023039224416,4.63021354419589,2.60328462461515,NA,NA,1.04382234624902,26,"ws",1000,1,12,0.1,"ws 1000 1 12 0.1"
"241",180,1.38394380274895,0.0920255651216646,4.67376669412709,2.61561642443443,NA,NA,1.04395638919342,22,"ws",1000,1,12,0.1,"ws 1000 1 12 0.1"
"242",190,1.37003788909071,0.0801483579700202,4.68996580648614,2.62846678261659,NA,NA,1.04399405392182,20,"ws",1000,1,12,0.1,"ws 1000 1 12 0.1"
"243",200,1.34481907402699,0.0886739053504142,4.72167717549264,2.64241187300671,NA,NA,1.03685970718155,16,"ws",1000,1,12,0.1,"ws 1000 1 12 0.1"
"244",210,1.32815648141246,0.0759425166292903,4.74616241949273,2.6547929652226,NA,NA,1.03751666583511,13,"ws",1000,1,12,0.1,"ws 1000 1 12 0.1"
"245",220,1.32326684907618,0.0835339907369018,4.762827391219,2.65103701163636,NA,NA,1.04107706316632,8,"ws",1000,1,12,0.1,"ws 1000 1 12 0.1"
"246",230,1.31425999590759,0.0817757203249828,4.78015955980445,2.65981450084483,NA,NA,1.04292626293473,7,"ws",1000,1,12,0.1,"ws 1000 1 12 0.1"
"247",240,1.29088233229955,0.0793750693964657,4.81295970288862,2.68433935354224,NA,NA,1.04292626293473,7,"ws",1000,1,12,0.1,"ws 1000 1 12 0.1"
"248",250,1.34016998612924,0.0673569416577055,4.76149967526234,2.60582615593801,NA,NA,1.04817602854408,3,"ws",1000,1,12,0.1,"ws 1000 1 12 0.1"
"249",260,1.32403395332693,0.0652689498800459,4.78226578157358,2.62256954942914,NA,NA,1.04817602854408,3,"ws",1000,1,12,0.1,"ws 1000 1 12 0.1"
"250",270,1.2979341877712,0.0350656577130181,4.81450090523952,2.64697353269416,NA,NA,1.04817602854408,3,"ws",1000,1,12,0.1,"ws 1000 1 12 0.1"
"251",280,1.26815575403378,0.00460858193613505,4.86431018230015,2.72516129699563,NA,NA,1.05171747775692,2,"ws",1000,1,12,0.1,"ws 1000 1 12 0.1"
"252",290,1.23181206353029,NA,4.8918501105831,2.77654382783654,NA,NA,1.03708444116559,1,"ws",1000,1,12,0.1,"ws 1000 1 12 0.1"
"253",10,6.72210012202529,0.324451880801989,-0.442464796343484,0.0264557504014264,NA,NA,1.03714391857799,100,"pl",1000,1,16,0.1,"pl 1000 1 16 0.1"
"254",20,6.26228989656052,0.676104371096666,-0.0182245359448516,0.224395855914477,NA,NA,1.03714391857799,100,"pl",1000,1,16,0.1,"pl 1000 1 16 0.1"
"255",30,4.9289192123142,1.14655492574385,1.21427401345439,0.81258412704974,NA,NA,1.03714391857799,100,"pl",1000,1,16,0.1,"pl 1000 1 16 0.1"
"256",40,3.48103119551031,0.95138267547757,2.56472366869254,1.47241370874507,NA,NA,1.03714391857799,100,"pl",1000,1,16,0.1,"pl 1000 1 16 0.1"
"257",50,2.47634455372355,0.730300791218228,3.52827291529302,1.97369457266524,NA,NA,1.03714391857799,100,"pl",1000,1,16,0.1,"pl 1000 1 16 0.1"
"258",60,1.91147682856115,0.442966727258546,4.09526050443677,2.27537966381767,NA,NA,1.03714391857799,100,"pl",1000,1,16,0.1,"pl 1000 1 16 0.1"
"259",70,1.59670013116925,0.284063073322544,4.43739952152986,2.46386550034428,NA,NA,1.03714391857799,100,"pl",1000,1,16,0.1,"pl 1000 1 16 0.1"
"260",80,1.41004626871519,0.200295948056195,4.66132175243371,2.59120370203045,NA,NA,1.03714391857799,100,"pl",1000,1,16,0.1,"pl 1000 1 16 0.1"
"261",90,1.30433021064948,0.129115781600638,4.80281461953529,2.67005911056674,NA,NA,1.03714391857799,100,"pl",1000,1,16,0.1,"pl 1000 1 16 0.1"
"262",100,1.23553616048397,0.0905674049127285,4.90542341136218,2.72868707479613,NA,NA,1.03712103811723,99,"pl",1000,1,16,0.1,"pl 1000 1 16 0.1"
"263",110,1.20004823393457,0.0707420569695659,4.96787658654875,2.76480277877584,NA,NA,1.03947533229445,87,"pl",1000,1,16,0.1,"pl 1000 1 16 0.1"
"264",120,1.17654366609239,0.0515905063768238,5.01464433760117,2.78039183870706,NA,NA,1.04165898670506,64,"pl",1000,1,16,0.1,"pl 1000 1 16 0.1"
"265",130,1.17320682552503,0.0392721845455861,5.02563887789833,2.78971038350249,NA,NA,1.04354403615525,30,"pl",1000,1,16,0.1,"pl 1000 1 16 0.1"
"266",140,1.15965419863364,0.0333962870988738,5.08385013329142,2.76997807663815,NA,NA,1.04270900982408,8,"pl",1000,1,16,0.1,"pl 1000 1 16 0.1"
"267",150,1.1402458301877,0.017240058528188,5.14704240965808,2.72684211969028,NA,NA,1.03686206760105,2,"pl",1000,1,16,0.1,"pl 1000 1 16 0.1"
"268",10,6.75542974518654,0.183608167872992,-0.466781895521728,0.0135243245156289,NA,NA,1.03596659362813,100,"ws",1000,1,16,0.1,"ws 1000 1 16 0.1"
"269",20,6.51543138202443,0.459421029375718,-0.24626833160235,0.114340034643736,NA,NA,1.03596659362813,100,"ws",1000,1,16,0.1,"ws 1000 1 16 0.1"
"270",30,5.72074399878198,0.696176605632227,0.486260947973573,0.455588916856416,NA,NA,1.03596659362813,100,"ws",1000,1,16,0.1,"ws 1000 1 16 0.1"
"271",40,4.27038302226971,0.967841214252484,1.82391715586116,1.11364419602013,NA,NA,1.03596659362813,100,"ws",1000,1,16,0.1,"ws 1000 1 16 0.1"
"272",50,3.22201383967558,0.765782481800288,2.80365283077132,1.60660969332162,NA,NA,1.03596659362813,100,"ws",1000,1,16,0.1,"ws 1000 1 16 0.1"
"273",60,2.58799909633944,0.587067157301438,3.40805903806869,1.92413174281815,NA,NA,1.03596659362813,100,"ws",1000,1,16,0.1,"ws 1000 1 16 0.1"
"274",70,2.15193555974726,0.399709378988555,3.83388839174042,2.15423248703873,NA,NA,1.03596659362813,100,"ws",1000,1,16,0.1,"ws 1000 1 16 0.1"
"275",80,1.89300670415853,0.314686540502796,4.09617700128841,2.30353788913666,NA,NA,1.03596659362813,100,"ws",1000,1,16,0.1,"ws 1000 1 16 0.1"
"276",90,1.72349259677341,0.239939086257391,4.27364634347859,2.40720351025942,NA,NA,1.03596659362813,100,"ws",1000,1,16,0.1,"ws 1000 1 16 0.1"
"277",100,1.57959039621248,0.179127898513689,4.43125634982008,2.50542247314898,NA,NA,1.03596659362813,100,"ws",1000,1,16,0.1,"ws 1000 1 16 0.1"
"278",110,1.49071374411177,0.147731996051586,4.53305755364835,2.57153579959667,NA,NA,1.03600095694127,99,"ws",1000,1,16,0.1,"ws 1000 1 16 0.1"
"279",120,1.41787740689243,0.12797762843883,4.62293336060869,2.62991352125309,NA,NA,1.03599394152808,93,"ws",1000,1,16,0.1,"ws 1000 1 16 0.1"
"280",130,1.36827023401823,0.107495312748954,4.68807775419341,2.67705865422653,NA,NA,1.03670617237404,74,"ws",1000,1,16,0.1,"ws 1000 1 16 0.1"
"281",140,1.32368161833774,0.0784483716949704,4.74854990933548,2.72749659683208,NA,NA,1.03859481597325,50,"ws",1000,1,16,0.1,"ws 1000 1 16 0.1"
"282",150,1.27599789338704,0.0674246549834443,4.83524270006346,2.75163017325679,NA,NA,1.04193021966823,21,"ws",1000,1,16,0.1,"ws 1000 1 16 0.1"
"283",160,1.25421823029683,0.00252416895559092,4.87872352466754,2.73358352398663,NA,NA,1.04620562039989,2,"ws",1000,1,16,0.1,"ws 1000 1 16 0.1"
"284",170,1.24583961270972,NA,4.94816631976435,2.82839825621577,NA,NA,1.08252998893173,1,"ws",1000,1,16,0.1,"ws 1000 1 16 0.1"
"285",10,6.72042767856654,0.233111596340947,-0.438878406423633,0.0275146748711652,NA,NA,1.03936957259106,100,"pl",1000,1,20,0.1,"pl 1000 1 20 0.1"
"286",20,6.10040717290186,0.871894554266258,0.133247957939816,0.295505521515572,NA,NA,1.03936957259106,100,"pl",1000,1,20,0.1,"pl 1000 1 20 0.1"
"287",30,4.02449846340445,1.41633016704804,2.06012023981887,1.24586247469183,NA,NA,1.03936957259106,100,"pl",1000,1,20,0.1,"pl 1000 1 20 0.1"
"288",40,2.41690233961721,1.01733498122929,3.60116868013251,2.03675940659188,NA,NA,1.03936957259106,100,"pl",1000,1,20,0.1,"pl 1000 1 20 0.1"
"289",50,1.64516292113662,0.55858551536009,4.40966304499827,2.47835300001338,NA,NA,1.03936957259106,100,"pl",1000,1,20,0.1,"pl 1000 1 20 0.1"
"290",60,1.32118322414097,0.224171145217598,4.79295588647247,2.70641383015696,NA,NA,1.03864484897238,86,"pl",1000,1,20,0.1,"pl 1000 1 20 0.1"
"291",70,1.1922845932257,0.117101147117159,4.99161818731103,2.80197621800087,NA,NA,1.03728521906916,58,"pl",1000,1,20,0.1,"pl 1000 1 20 0.1"
"292",80,1.16348720808701,0.107162073244722,5.08487220009687,2.80493308179876,NA,NA,1.03867212266112,14,"pl",1000,1,20,0.1,"pl 1000 1 20 0.1"
"293",90,1.18828960622316,0.0650358016423515,4.98920326531352,2.87602102147334,NA,NA,1.05994628638364,3,"pl",1000,1,20,0.1,"pl 1000 1 20 0.1"
"294",10,6.73708478422953,0.18549945033227,-0.467434591062531,0.0144690986012285,NA,NA,1.03880178489435,100,"ws",1000,1,20,0.1,"ws 1000 1 20 0.1"
"295",20,6.35765197964946,0.684368682416105,-0.118704852547581,0.176186626141605,NA,NA,1.03880178489435,100,"ws",1000,1,20,0.1,"ws 1000 1 20 0.1"
"296",30,4.93811082586973,1.16974270574763,1.19635236523371,0.802511398141592,NA,NA,1.03880178489435,100,"ws",1000,1,20,0.1,"ws 1000 1 20 0.1"
"297",40,3.41550506414334,0.963105903843243,2.61412975649531,1.50876103748211,NA,NA,1.03880178489435,100,"ws",1000,1,20,0.1,"ws 1000 1 20 0.1"
"298",50,2.55126985613527,0.611442661188663,3.43906911087686,1.93184538413534,NA,NA,1.03880178489435,100,"ws",1000,1,20,0.1,"ws 1000 1 20 0.1"
"299",60,2.02321365205548,0.412550029540464,3.96353627110297,2.2206486570121,NA,NA,1.03880178489435,100,"ws",1000,1,20,0.1,"ws 1000 1 20 0.1"
"300",70,1.7415886853305,0.301406252231362,4.25491645040692,2.39663760090394,NA,NA,1.03888510456254,85,"ws",1000,1,20,0.1,"ws 1000 1 20 0.1"
"301",80,1.64559109057999,0.223769211491341,4.36101520871261,2.46245081767531,NA,NA,1.0441831107818,43,"ws",1000,1,20,0.1,"ws 1000 1 20 0.1"
"302",90,1.51941574954133,0.170697803261569,4.50838907605148,2.5364548837095,NA,NA,1.03780646769379,6,"ws",1000,1,20,0.1,"ws 1000 1 20 0.1"
"303",10,6.85314801208131,0.196147046693235,-0.476109686415137,0.0130291398726839,NA,NA,1.52926535404692,100,"pl",1000,1.5,12,0.1,"pl 1000 1.5 12 0.1"
"304",20,6.79681342282287,0.221804002688058,-0.422315315072637,0.0345993890150925,NA,NA,1.52926535404692,100,"pl",1000,1.5,12,0.1,"pl 1000 1.5 12 0.1"
"305",30,6.46675898691167,0.539987521456617,-0.114434416621263,0.18139848869906,NA,NA,1.52926535404692,100,"pl",1000,1.5,12,0.1,"pl 1000 1.5 12 0.1"
"306",40,5.65126493698563,0.907396415782371,0.64853272787616,0.557662156302686,NA,NA,1.52926535404692,100,"pl",1000,1.5,12,0.1,"pl 1000 1.5 12 0.1"
"307",50,4.68173387951276,0.946629703213833,1.56433805253021,1.01312443949839,NA,NA,1.52926535404692,100,"pl",1000,1.5,12,0.1,"pl 1000 1.5 12 0.1"
"308",60,3.787498326958,0.718774248349746,2.42022871944239,1.45708475366657,NA,NA,1.52926535404692,100,"pl",1000,1.5,12,0.1,"pl 1000 1.5 12 0.1"
"309",70,3.16453507805164,0.562054072867502,3.03498156394536,1.78539558024825,NA,NA,1.52926535404692,100,"pl",1000,1.5,12,0.1,"pl 1000 1.5 12 0.1"
"310",80,2.78145693038768,0.426636678731758,3.4329120928551,1.99031237294934,NA,NA,1.52926535404692,100,"pl",1000,1.5,12,0.1,"pl 1000 1.5 12 0.1"
"311",90,2.54192091458639,0.348303441577876,3.69645689607239,2.11982492128709,NA,NA,1.52926535404692,100,"pl",1000,1.5,12,0.1,"pl 1000 1.5 12 0.1"
"312",100,2.36461718323591,0.264087925634047,3.89871604869715,2.21871184022324,NA,NA,1.52926535404692,100,"pl",1000,1.5,12,0.1,"pl 1000 1.5 12 0.1"
"313",110,2.22454770330402,0.225053844955479,4.06583082680977,2.30351766282878,NA,NA,1.52926535404692,100,"pl",1000,1.5,12,0.1,"pl 1000 1.5 12 0.1"
"314",120,2.11710090234607,0.190299887203488,4.20103623925161,2.37165914109041,NA,NA,1.52926535404692,100,"pl",1000,1.5,12,0.1,"pl 1000 1.5 12 0.1"
"315",130,2.04026436748199,0.161680930143361,4.30432557135836,2.41714471250822,NA,NA,1.52926535404692,100,"pl",1000,1.5,12,0.1,"pl 1000 1.5 12 0.1"
"316",140,1.97916228838952,0.141748325612087,4.39103159163572,2.45423678786806,NA,NA,1.52926535404692,100,"pl",1000,1.5,12,0.1,"pl 1000 1.5 12 0.1"
"317",150,1.92789976547216,0.124429177668423,4.46598742790114,2.48309536959184,NA,NA,1.52873294926183,99,"pl",1000,1.5,12,0.1,"pl 1000 1.5 12 0.1"
"318",160,1.88153740320064,0.113973640135899,4.53742362528415,2.51283687964833,NA,NA,1.52749352135063,96,"pl",1000,1.5,12,0.1,"pl 1000 1.5 12 0.1"
"319",170,1.85413181905774,0.104194014988855,4.57990440682488,2.52877570878053,NA,NA,1.52659416605563,86,"pl",1000,1.5,12,0.1,"pl 1000 1.5 12 0.1"
"320",180,1.83350835350013,0.0971228621268452,4.61634037512445,2.54004118614717,NA,NA,1.52825728978938,77,"pl",1000,1.5,12,0.1,"pl 1000 1.5 12 0.1"
"321",190,1.8172742212838,0.0939930313005805,4.64558040412421,2.55188460979135,NA,NA,1.52958242967753,60,"pl",1000,1.5,12,0.1,"pl 1000 1.5 12 0.1"
"322",200,1.80227420938334,0.0870496421824476,4.664300855952,2.55297558159847,NA,NA,1.5248029655485,39,"pl",1000,1.5,12,0.1,"pl 1000 1.5 12 0.1"
"323",210,1.78288456490605,0.0857479826302443,4.68726121432201,2.56473478222792,NA,NA,1.52486038624489,21,"pl",1000,1.5,12,0.1,"pl 1000 1.5 12 0.1"
"324",220,1.7779445196723,0.0466356039702565,4.70758986578286,2.58818086536545,NA,NA,1.53692953692226,7,"pl",1000,1.5,12,0.1,"pl 1000 1.5 12 0.1"
"325",230,1.79919086372525,NA,4.67575063706028,2.5372729161404,NA,NA,1.55182907397031,1,"pl",1000,1.5,12,0.1,"pl 1000 1.5 12 0.1"
"326",10,6.87067357815157,0.146970114259164,-0.478264386857492,0.0106772848998046,NA,NA,1.5294914198984,112,"ws",1000,1.5,12,0.1,"ws 1000 1.5 12 0.1"
"327",20,6.78384731747825,0.25690635524366,-0.397772557995481,0.0484956754322165,NA,NA,1.5294914198984,112,"ws",1000,1.5,12,0.1,"ws 1000 1.5 12 0.1"
"328",30,6.62658502977553,0.348172347367463,-0.248914396755671,0.113736597968281,NA,NA,1.5294914198984,112,"ws",1000,1.5,12,0.1,"ws 1000 1.5 12 0.1"
"329",40,6.11694649906731,0.534096444538791,0.226070529927934,0.339167581875162,NA,NA,1.5294914198984,112,"ws",1000,1.5,12,0.1,"ws 1000 1.5 12 0.1"
"330",50,5.3162708759923,0.610266970504929,0.975102622365873,0.702245366168411,NA,NA,1.5294914198984,112,"ws",1000,1.5,12,0.1,"ws 1000 1.5 12 0.1"
"331",60,4.44897654014415,0.632501508018984,1.79553729108113,1.11260714822465,NA,NA,1.5294914198984,112,"ws",1000,1.5,12,0.1,"ws 1000 1.5 12 0.1"
"332",70,3.77628744981658,0.579580887435485,2.44125073236488,1.44767470115793,NA,NA,1.5294914198984,112,"ws",1000,1.5,12,0.1,"ws 1000 1.5 12 0.1"
"333",80,3.26522071547647,0.492379702029102,2.94386039208959,1.71707552726212,NA,NA,1.5294914198984,112,"ws",1000,1.5,12,0.1,"ws 1000 1.5 12 0.1"
"334",90,2.93276502291023,0.39805546634244,3.28042435612447,1.89739147515466,NA,NA,1.5294914198984,112,"ws",1000,1.5,12,0.1,"ws 1000 1.5 12 0.1"
"335",100,2.68788612514277,0.342066664983583,3.53778674764556,2.03711078965839,NA,NA,1.52971695723718,110,"ws",1000,1.5,12,0.1,"ws 1000 1.5 12 0.1"
"336",110,2.50114900614986,0.286370731639512,3.74015661106502,2.14946377062909,NA,NA,1.52961309611667,108,"ws",1000,1.5,12,0.1,"ws 1000 1.5 12 0.1"
"337",120,2.35920103833703,0.259128130312383,3.89911448365986,2.24165381201806,NA,NA,1.52970017236269,103,"ws",1000,1.5,12,0.1,"ws 1000 1.5 12 0.1"
"338",130,2.25360109429949,0.222810619953863,4.02335502739302,2.30422382892026,NA,NA,1.5307557736771,95,"ws",1000,1.5,12,0.1,"ws 1000 1.5 12 0.1"
"339",140,2.15274135360507,0.198383962801091,4.14446588987789,2.37201086500278,NA,NA,1.52998990316116,90,"ws",1000,1.5,12,0.1,"ws 1000 1.5 12 0.1"
"340",150,2.08942431424129,0.178037159057651,4.2212308420068,2.41302252639928,NA,NA,1.5304181273324,81,"ws",1000,1.5,12,0.1,"ws 1000 1.5 12 0.1"
"341",160,2.03045599155348,0.158077165232001,4.2956107687238,2.45489659522183,NA,NA,1.53049990681561,70,"ws",1000,1.5,12,0.1,"ws 1000 1.5 12 0.1"
"342",170,1.98138071747527,0.139260057047508,4.35868363768105,2.49120559434763,NA,NA,1.52955791441561,61,"ws",1000,1.5,12,0.1,"ws 1000 1.5 12 0.1"
"343",180,1.96231030759728,0.123962672114438,4.38494091170382,2.50209428701891,NA,NA,1.53000245428828,52,"ws",1000,1.5,12,0.1,"ws 1000 1.5 12 0.1"
"344",190,1.9234514239105,0.113558316052616,4.43878626699544,2.53092875109781,NA,NA,1.52852690495703,47,"ws",1000,1.5,12,0.1,"ws 1000 1.5 12 0.1"
"345",200,1.89345784825462,0.109833327755713,4.47340208850175,2.55794893285974,NA,NA,1.52573887484032,40,"ws",1000,1.5,12,0.1,"ws 1000 1.5 12 0.1"
"346",210,1.87813436055762,0.103811769790688,4.4994368219231,2.58314762430501,NA,NA,1.52761222469117,32,"ws",1000,1.5,12,0.1,"ws 1000 1.5 12 0.1"
"347",220,1.84898243963394,0.0963136334513926,4.53759107909996,2.60492392066642,NA,NA,1.52292773067029,24,"ws",1000,1.5,12,0.1,"ws 1000 1.5 12 0.1"
"348",230,1.81919042684455,0.0853641273497106,4.5833908960183,2.63244085889445,NA,NA,1.52312693821106,18,"ws",1000,1.5,12,0.1,"ws 1000 1.5 12 0.1"
"349",240,1.81961075798382,0.0710984041010557,4.57486187029105,2.62738564338275,NA,NA,1.52672169988773,13,"ws",1000,1.5,12,0.1,"ws 1000 1.5 12 0.1"
"350",250,1.79143425421791,0.0834139745581684,4.61281172017272,2.66342218234074,NA,NA,1.51754392300817,7,"ws",1000,1.5,12,0.1,"ws 1000 1.5 12 0.1"
"351",260,1.76037879259699,0.0735505904761539,4.6630799885345,2.69863956584345,NA,NA,1.51754392300817,7,"ws",1000,1.5,12,0.1,"ws 1000 1.5 12 0.1"
"352",270,1.77542229350087,0.0853741334218214,4.63640549287577,2.63379834518513,NA,NA,1.50827949177579,3,"ws",1000,1.5,12,0.1,"ws 1000 1.5 12 0.1"
"353",280,1.85366489462222,NA,4.50251453073377,2.48268449576311,NA,NA,1.49039065699988,1,"ws",1000,1.5,12,0.1,"ws 1000 1.5 12 0.1"
"354",290,1.81098059940519,NA,4.55637942127687,2.53742517917016,NA,NA,1.49039065699988,1,"ws",1000,1.5,12,0.1,"ws 1000 1.5 12 0.1"
"355",10,6.87026002877316,0.116303845898183,-0.490404949846693,0.00449308832713167,NA,NA,1.52017887854026,100,"pl",1000,1.5,16,0.1,"pl 1000 1.5 16 0.1"
"356",20,6.70184210664992,0.350855508477331,-0.333822299085425,0.0787141542036781,NA,NA,1.52017887854026,100,"pl",1000,1.5,16,0.1,"pl 1000 1.5 16 0.1"
"357",30,5.73341948338321,0.985171405287684,0.567086900178158,0.527606298832402,NA,NA,1.52017887854026,100,"pl",1000,1.5,16,0.1,"pl 1000 1.5 16 0.1"
"358",40,4.33830466599894,1.04283229471288,1.88736793097268,1.19534874327169,NA,NA,1.52017887854026,100,"pl",1000,1.5,16,0.1,"pl 1000 1.5 16 0.1"
"359",50,3.2742511279145,0.875260414567465,2.93643110086116,1.74022465818834,NA,NA,1.52017887854026,100,"pl",1000,1.5,16,0.1,"pl 1000 1.5 16 0.1"
"360",60,2.56434405424923,0.587584807208271,3.67753268917893,2.13374622865048,NA,NA,1.52017887854026,100,"pl",1000,1.5,16,0.1,"pl 1000 1.5 16 0.1"
"361",70,2.13936241978746,0.340342135836895,4.16694260370631,2.40156271117482,NA,NA,1.52017887854026,100,"pl",1000,1.5,16,0.1,"pl 1000 1.5 16 0.1"
"362",80,1.92316039676662,0.204654666149387,4.44889976314003,2.55603975871683,NA,NA,1.52017887854026,100,"pl",1000,1.5,16,0.1,"pl 1000 1.5 16 0.1"
"363",90,1.7850364000611,0.139119374228358,4.66169848093344,2.67011647891342,NA,NA,1.52017887854026,100,"pl",1000,1.5,16,0.1,"pl 1000 1.5 16 0.1"
"364",100,1.71099951630143,0.0985560764976031,4.79387046045888,2.73848761404853,NA,NA,1.52047171981713,96,"pl",1000,1.5,16,0.1,"pl 1000 1.5 16 0.1"
"365",110,1.65440660221742,0.0719976449259384,4.91192197198158,2.79039468572276,NA,NA,1.52044121593573,92,"pl",1000,1.5,16,0.1,"pl 1000 1.5 16 0.1"
"366",120,1.64148765707572,0.067468187721731,4.94687815838484,2.81571577842104,NA,NA,1.52165079255224,54,"pl",1000,1.5,16,0.1,"pl 1000 1.5 16 0.1"
"367",130,1.61547119742016,0.057164850114568,5.00511691753346,2.83149654435265,NA,NA,1.51850643514045,25,"pl",1000,1.5,16,0.1,"pl 1000 1.5 16 0.1"
"368",140,1.60640133060242,0.0405076693050705,5.01793482182498,2.79123841098185,NA,NA,1.52142476816829,6,"pl",1000,1.5,16,0.1,"pl 1000 1.5 16 0.1"
"369",10,6.83995744323669,0.18225317000677,-0.470675771646841,0.0135401436035994,NA,NA,1.53157334920501,100,"ws",1000,1.5,16,0.1,"ws 1000 1.5 16 0.1"
"370",20,6.76987149983455,0.189705252768037,-0.403964446845552,0.0408772848572953,NA,NA,1.53157334920501,100,"ws",1000,1.5,16,0.1,"ws 1000 1.5 16 0.1"
"371",30,6.32239268775526,0.514071996100545,0.016158553486674,0.235398598144846,NA,NA,1.53157334920501,100,"ws",1000,1.5,16,0.1,"ws 1000 1.5 16 0.1"
"372",40,5.45987387807003,0.67905682837547,0.822544776292476,0.631692594562188,NA,NA,1.53157334920501,100,"ws",1000,1.5,16,0.1,"ws 1000 1.5 16 0.1"
"373",50,4.4117783238653,0.716559112956012,1.8127013925291,1.13299758847467,NA,NA,1.53157334920501,100,"ws",1000,1.5,16,0.1,"ws 1000 1.5 16 0.1"
"374",60,3.57247118650642,0.620400714577833,2.62264532752762,1.56090303237575,NA,NA,1.53157334920501,100,"ws",1000,1.5,16,0.1,"ws 1000 1.5 16 0.1"
"375",70,3.02582665750698,0.469665975861939,3.16781947002008,1.85702680399589,NA,NA,1.53157334920501,100,"ws",1000,1.5,16,0.1,"ws 1000 1.5 16 0.1"
"376",80,2.6715592846899,0.374761392393307,3.53791076456369,2.05999450094986,NA,NA,1.53157334920501,100,"ws",1000,1.5,16,0.1,"ws 1000 1.5 16 0.1"
"377",90,2.41515260911081,0.301581832401237,3.81894933012857,2.22753372110084,NA,NA,1.53157334920501,100,"ws",1000,1.5,16,0.1,"ws 1000 1.5 16 0.1"
"378",100,2.22976213348532,0.240882420390546,4.03371225018961,2.35351431044358,NA,NA,1.53157334920501,100,"ws",1000,1.5,16,0.1,"ws 1000 1.5 16 0.1"
"379",110,2.08544052633789,0.193759144510725,4.21443156182992,2.4629234171611,NA,NA,1.5321129309524,97,"ws",1000,1.5,16,0.1,"ws 1000 1.5 16 0.1"
"380",120,1.97378707905646,0.173119658530667,4.36507845649416,2.55794287041973,NA,NA,1.53229176153763,89,"ws",1000,1.5,16,0.1,"ws 1000 1.5 16 0.1"
"381",130,1.9075423616023,0.14404649430131,4.45961632262556,2.62089707844954,NA,NA,1.53265688682787,66,"ws",1000,1.5,16,0.1,"ws 1000 1.5 16 0.1"
"382",140,1.83155879117472,0.122498485109636,4.57261320052581,2.72175259511593,NA,NA,1.53219546685171,38,"ws",1000,1.5,16,0.1,"ws 1000 1.5 16 0.1"
"383",150,1.80639814332432,0.0540513647615624,4.60952614880427,2.71246219514231,NA,NA,1.5331283826584,10,"ws",1000,1.5,16,0.1,"ws 1000 1.5 16 0.1"
"384",160,1.74664919605457,0.0597863000019601,4.69508084726509,2.7682816938463,NA,NA,1.52462516879498,3,"ws",1000,1.5,16,0.1,"ws 1000 1.5 16 0.1"
"385",170,1.65592144063766,NA,4.84759233801786,2.80214520354346,NA,NA,1.50147502261719,1,"ws",1000,1.5,16,0.1,"ws 1000 1.5 16 0.1"
"386",10,6.84908800576343,0.202755398394329,-0.476050650766363,0.00988941961317385,NA,NA,1.52537924708914,100,"pl",1000,1.5,20,0.1,"pl 1000 1.5 20 0.1"
"387",20,6.52505609178244,0.517492977266083,-0.172247791023961,0.148936328003667,NA,NA,1.52537924708914,100,"pl",1000,1.5,20,0.1,"pl 1000 1.5 20 0.1"
"388",30,4.95112294529446,1.30123458826581,1.30860101707802,0.903035056741892,NA,NA,1.52537924708914,100,"pl",1000,1.5,20,0.1,"pl 1000 1.5 20 0.1"
"389",40,3.12010039388411,1.01107271569229,3.10387323141067,1.86238724441892,NA,NA,1.52537924708914,100,"pl",1000,1.5,20,0.1,"pl 1000 1.5 20 0.1"
"390",50,2.16113163975437,0.546366141655135,4.17691030043586,2.47115639188862,NA,NA,1.52537924708914,100,"pl",1000,1.5,20,0.1,"pl 1000 1.5 20 0.1"
"391",60,1.80379779877852,0.242903816707862,4.67000727016459,2.76308836893944,NA,NA,1.52738950038817,91,"pl",1000,1.5,20,0.1,"pl 1000 1.5 20 0.1"
"392",70,1.68441855433821,0.120683947525646,4.88649892330416,2.89804915730275,NA,NA,1.53128511793656,59,"pl",1000,1.5,20,0.1,"pl 1000 1.5 20 0.1"
"393",80,1.6390240178135,0.0692337888925095,4.99166262901587,2.95798778304618,NA,NA,1.52953117734515,18,"pl",1000,1.5,20,0.1,"pl 1000 1.5 20 0.1"
"394",90,1.60141841234531,0.071666698886683,5.01249040126225,2.8312199706364,NA,NA,1.50679008547895,2,"pl",1000,1.5,20,0.1,"pl 1000 1.5 20 0.1"
"395",10,6.8168384950998,0.241377353151406,-0.443512773019943,0.0285597170607364,NA,NA,1.52825985612004,100,"ws",1000,1.5,20,0.1,"ws 1000 1.5 20 0.1"
"396",20,6.56793540959271,0.473382277623395,-0.213803406728882,0.143044731059678,NA,NA,1.52825985612004,100,"ws",1000,1.5,20,0.1,"ws 1000 1.5 20 0.1"
"397",30,5.77051858818438,0.856180795225051,0.527901032896932,0.513232104778952,NA,NA,1.52825985612004,100,"ws",1000,1.5,20,0.1,"ws 1000 1.5 20 0.1"
"398",40,4.612159402183,0.780887356428369,1.61915922848732,1.05241765119873,NA,NA,1.52825985612004,100,"ws",1000,1.5,20,0.1,"ws 1000 1.5 20 0.1"
"399",50,3.54168026985085,0.660247237726392,2.65080197646691,1.60104823675077,NA,NA,1.52825985612004,100,"ws",1000,1.5,20,0.1,"ws 1000 1.5 20 0.1"
"400",60,2.859992184747,0.493593148415812,3.33936977128996,1.97893326991083,NA,NA,1.52825985612004,100,"ws",1000,1.5,20,0.1,"ws 1000 1.5 20 0.1"
"401",70,2.43354773596323,0.354524364260735,3.80059725884842,2.24764086063039,NA,NA,1.52656822390736,77,"ws",1000,1.5,20,0.1,"ws 1000 1.5 20 0.1"
"402",80,2.21581805750618,0.297288135076561,4.05365671619487,2.41966376005844,NA,NA,1.52220993846841,33,"ws",1000,1.5,20,0.1,"ws 1000 1.5 20 0.1"
"403",90,2.32792519324439,0.112531115157613,3.91227595199022,2.35760546717955,NA,NA,1.51642539115144,3,"ws",1000,1.5,20,0.1,"ws 1000 1.5 20 0.1"
"404",10,6.99565559262756,0.100316818024074,-0.5,0,NA,NA,2.01755553268375,100,"pl",1000,2,12,0.1,"pl 1000 2 12 0.1"
"405",20,6.94314472512495,0.16316604066791,-0.449521771398748,0.0217454408401675,NA,NA,2.01755553268375,100,"pl",1000,2,12,0.1,"pl 1000 2 12 0.1"
"406",30,6.74968617231404,0.340401272771187,-0.267212134932218,0.112139388901077,NA,NA,2.01755553268375,100,"pl",1000,2,12,0.1,"pl 1000 2 12 0.1"
"407",40,6.2079059512538,0.632942071213606,0.243419766142253,0.371744961376624,NA,NA,2.01755553268375,100,"pl",1000,2,12,0.1,"pl 1000 2 12 0.1"
"408",50,5.46953879613929,0.747253615301541,0.950027314129278,0.729678619726102,NA,NA,2.01755553268375,100,"pl",1000,2,12,0.1,"pl 1000 2 12 0.1"
"409",60,4.64929692506398,0.703919026447812,1.74818993033953,1.1472673433657,NA,NA,2.01755553268375,100,"pl",1000,2,12,0.1,"pl 1000 2 12 0.1"
"410",70,4.06112086225648,0.625547065340626,2.34280825553212,1.45507014565011,NA,NA,2.01755553268375,100,"pl",1000,2,12,0.1,"pl 1000 2 12 0.1"
"411",80,3.6341613242954,0.50979156352854,2.79045095624596,1.68695418531098,NA,NA,2.01755553268375,100,"pl",1000,2,12,0.1,"pl 1000 2 12 0.1"
"412",90,3.29985121507039,0.412423173158561,3.1594895400286,1.87444278671302,NA,NA,2.01755553268375,100,"pl",1000,2,12,0.1,"pl 1000 2 12 0.1"
"413",100,3.06073830988178,0.338483819238828,3.43608869806659,2.01388256824461,NA,NA,2.01755553268375,100,"pl",1000,2,12,0.1,"pl 1000 2 12 0.1"
"414",110,2.8818809590585,0.275863519210053,3.65715680695292,2.11421896337127,NA,NA,2.01755553268375,100,"pl",1000,2,12,0.1,"pl 1000 2 12 0.1"
"415",120,2.75249401718586,0.235915573346975,3.82718984765848,2.18625815525384,NA,NA,2.01755553268375,100,"pl",1000,2,12,0.1,"pl 1000 2 12 0.1"
"416",130,2.64296496917632,0.210608294757934,3.98013286958273,2.25161746003601,NA,NA,2.01755553268375,100,"pl",1000,2,12,0.1,"pl 1000 2 12 0.1"
"417",140,2.56207319160391,0.180916370551401,4.09888223552562,2.29671074090691,NA,NA,2.01755553268375,100,"pl",1000,2,12,0.1,"pl 1000 2 12 0.1"
"418",150,2.49446689234969,0.154082805439984,4.20258559019692,2.3403181572428,NA,NA,2.01849331176437,97,"pl",1000,2,12,0.1,"pl 1000 2 12 0.1"
"419",160,2.43755156393217,0.139384248083086,4.29406085027693,2.37534886447122,NA,NA,2.01731797320598,89,"pl",1000,2,12,0.1,"pl 1000 2 12 0.1"
"420",170,2.38932232764583,0.117089986338535,4.37169186014588,2.40563092165421,NA,NA,2.01362738326362,73,"pl",1000,2,12,0.1,"pl 1000 2 12 0.1"
"421",180,2.38072285252962,0.111286423316343,4.39143600150713,2.41962010336558,NA,NA,2.02132587999393,44,"pl",1000,2,12,0.1,"pl 1000 2 12 0.1"
"422",190,2.3537110265365,0.11411579632224,4.44607913834795,2.43640696414642,NA,NA,2.01441927468407,22,"pl",1000,2,12,0.1,"pl 1000 2 12 0.1"
"423",200,2.39711183383046,0.133917342819389,4.38973996039034,2.40578088318607,NA,NA,2.01894653169008,4,"pl",1000,2,12,0.1,"pl 1000 2 12 0.1"
"424",210,2.45595821220055,0.103064257521542,4.36924321274082,2.31772935815322,NA,NA,2.06295397972433,2,"pl",1000,2,12,0.1,"pl 1000 2 12 0.1"
"425",10,7.00410676305929,0.111048500037893,-0.5,0,NA,NA,2.01558140324054,100,"ws",1000,2,12,0.1,"ws 1000 2 12 0.1"
"426",20,6.97673501325271,0.151186698340254,-0.473845712769831,0.0120175895149615,NA,NA,2.01558140324054,100,"ws",1000,2,12,0.1,"ws 1000 2 12 0.1"
"427",30,6.89456417687402,0.205283635758347,-0.396222500123385,0.0477631276813902,NA,NA,2.01558140324054,100,"ws",1000,2,12,0.1,"ws 1000 2 12 0.1"
"428",40,6.70337514025881,0.280273760062452,-0.214299486935365,0.131129172960758,NA,NA,2.01558140324054,100,"ws",1000,2,12,0.1,"ws 1000 2 12 0.1"
"429",50,6.2105893459029,0.47634108172135,0.255228131348232,0.353792880937674,NA,NA,2.01558140324054,100,"ws",1000,2,12,0.1,"ws 1000 2 12 0.1"
"430",60,5.56912159053141,0.530066865880654,0.8681661869414,0.656883703215147,NA,NA,2.01558140324054,100,"ws",1000,2,12,0.1,"ws 1000 2 12 0.1"
"431",70,4.90808553046814,0.52107385362364,1.50365586754419,0.9917794239232,NA,NA,2.01558140324054,100,"ws",1000,2,12,0.1,"ws 1000 2 12 0.1"
"432",80,4.38801827144031,0.479600356232475,2.01438373890991,1.26185192203158,NA,NA,2.01558140324054,100,"ws",1000,2,12,0.1,"ws 1000 2 12 0.1"
"433",90,3.96837497004284,0.44642204875646,2.44135875815647,1.48477185542114,NA,NA,2.01558140324054,100,"ws",1000,2,12,0.1,"ws 1000 2 12 0.1"
"434",100,3.62713454667684,0.383332495478726,2.79739185959378,1.6761200082287,NA,NA,2.01558140324054,100,"ws",1000,2,12,0.1,"ws 1000 2 12 0.1"
"435",110,3.35927172874234,0.330609960152409,3.086783427307,1.83213784502908,NA,NA,2.01614285075323,99,"ws",1000,2,12,0.1,"ws 1000 2 12 0.1"
"436",120,3.15006919512161,0.278382274098492,3.31810710807384,1.96233463879105,NA,NA,2.01611825575874,97,"ws",1000,2,12,0.1,"ws 1000 2 12 0.1"
"437",130,2.99032971459782,0.245829048401146,3.50295197155785,2.06380668252984,NA,NA,2.01559462532421,96,"ws",1000,2,12,0.1,"ws 1000 2 12 0.1"
"438",140,2.85564351741754,0.229867226877111,3.6662884392236,2.15091581561236,NA,NA,2.01468895987898,93,"ws",1000,2,12,0.1,"ws 1000 2 12 0.1"
"439",150,2.74955202904336,0.202598431707499,3.80166077101999,2.22038357577452,NA,NA,2.01399905159501,90,"ws",1000,2,12,0.1,"ws 1000 2 12 0.1"
"440",160,2.68095902029416,0.179804194489823,3.89107997241134,2.2600460806242,NA,NA,2.01375093629401,83,"ws",1000,2,12,0.1,"ws 1000 2 12 0.1"
"441",170,2.5986103289251,0.160060894957514,4.00328387513662,2.31940644454412,NA,NA,2.01282636845457,74,"ws",1000,2,12,0.1,"ws 1000 2 12 0.1"
"442",180,2.5488598695935,0.144394782532508,4.07504822457601,2.36370558751333,NA,NA,2.01763503915359,61,"ws",1000,2,12,0.1,"ws 1000 2 12 0.1"
"443",190,2.51448357516043,0.132027710386804,4.12530642781418,2.3801528599583,NA,NA,2.02006661632979,50,"ws",1000,2,12,0.1,"ws 1000 2 12 0.1"
"444",200,2.4682832281232,0.129407068452849,4.1981156095263,2.42328378356996,NA,NA,2.02669920664225,40,"ws",1000,2,12,0.1,"ws 1000 2 12 0.1"
"445",210,2.40631070912793,0.106357263596743,4.27801197312674,2.47423323075502,NA,NA,2.02127288774809,31,"ws",1000,2,12,0.1,"ws 1000 2 12 0.1"
"446",220,2.37595020396383,0.115868515647181,4.33542958520198,2.48280039622138,NA,NA,2.02124979197802,22,"ws",1000,2,12,0.1,"ws 1000 2 12 0.1"
"447",230,2.36342481652453,0.0987294521513559,4.35748507019821,2.47154144401401,NA,NA,2.02261907855098,16,"ws",1000,2,12,0.1,"ws 1000 2 12 0.1"
"448",240,2.33238124515788,0.117479919631713,4.41828324622259,2.48876047058622,NA,NA,2.02868982377803,9,"ws",1000,2,12,0.1,"ws 1000 2 12 0.1"
"449",250,2.30063147101703,0.0987000482791334,4.47447251749959,2.5212031707932,NA,NA,2.02868982377803,9,"ws",1000,2,12,0.1,"ws 1000 2 12 0.1"
"450",260,2.26865530274523,0.0930644738117651,4.54302350662627,2.54189297681682,NA,NA,2.02181716361574,7,"ws",1000,2,12,0.1,"ws 1000 2 12 0.1"
"451",270,2.26849644727724,0.109065478851089,4.57613420322488,2.49939314426472,NA,NA,2.02251820903188,3,"ws",1000,2,12,0.1,"ws 1000 2 12 0.1"
"452",280,2.35284934295662,NA,4.50131642911109,2.43801066971296,NA,NA,2.07590794540039,1,"ws",1000,2,12,0.1,"ws 1000 2 12 0.1"
"453",290,2.34610399363422,NA,4.51751526510198,2.43853156193757,NA,NA,2.07590794540039,1,"ws",1000,2,12,0.1,"ws 1000 2 12 0.1"
"454",10,6.98987643171961,0.114713739145775,-0.494640489790426,0.00248035254098371,NA,NA,2.01847978148657,100,"pl",1000,2,16,0.1,"pl 1000 2 16 0.1"
"455",20,6.94421661803069,0.178031180918711,-0.449812545401118,0.0205419051355213,NA,NA,2.01847978148657,100,"pl",1000,2,16,0.1,"pl 1000 2 16 0.1"
"456",30,6.59931777534685,0.542830893496692,-0.12322669094886,0.18380117431847,NA,NA,2.01847978148657,100,"pl",1000,2,16,0.1,"pl 1000 2 16 0.1"
"457",40,5.57757155445202,1.00054189116197,0.860553171236316,0.681716639746111,NA,NA,2.01847978148657,100,"pl",1000,2,16,0.1,"pl 1000 2 16 0.1"
"458",50,4.46235294255689,0.974067338504731,1.95759450447277,1.25861127696881,NA,NA,2.01847978148657,100,"pl",1000,2,16,0.1,"pl 1000 2 16 0.1"
"459",60,3.55193820965986,0.724330156128389,2.89776721396721,1.77074133272826,NA,NA,2.01847978148657,100,"pl",1000,2,16,0.1,"pl 1000 2 16 0.1"
"460",70,2.9331834583555,0.501414490261489,3.60163846922816,2.15764733163391,NA,NA,2.01847978148657,100,"pl",1000,2,16,0.1,"pl 1000 2 16 0.1"
"461",80,2.58262552326908,0.308683388723671,4.05326642820074,2.41135706136422,NA,NA,2.01847978148657,100,"pl",1000,2,16,0.1,"pl 1000 2 16 0.1"
"462",90,2.37738077822274,0.212212073380502,4.37082921353481,2.57850813152922,NA,NA,2.01847978148657,100,"pl",1000,2,16,0.1,"pl 1000 2 16 0.1"
"463",100,2.25045253017026,0.143781357117808,4.60002676695386,2.70017699869906,NA,NA,2.0174085827613,97,"pl",1000,2,16,0.1,"pl 1000 2 16 0.1"
"464",110,2.18791111842854,0.107308185212372,4.74191592179393,2.76839195233013,NA,NA,2.01885512457167,82,"pl",1000,2,16,0.1,"pl 1000 2 16 0.1"
"465",120,2.15565445809694,0.0931383014605633,4.80958574570259,2.7913253966069,NA,NA,2.01337647332445,56,"pl",1000,2,16,0.1,"pl 1000 2 16 0.1"
"466",130,2.11926577872586,0.0944281410446716,4.92064810912597,2.85557067640587,NA,NA,2.01098892388175,26,"pl",1000,2,16,0.1,"pl 1000 2 16 0.1"
"467",140,2.05447519944982,0.0415901957053781,5.07403621595314,2.91779703770365,NA,NA,1.99005222118393,9,"pl",1000,2,16,0.1,"pl 1000 2 16 0.1"
"468",150,1.9883838237116,NA,5.08872207123476,3.01910417051325,NA,NA,1.94413021001268,1,"pl",1000,2,16,0.1,"pl 1000 2 16 0.1"
"469",160,1.97772389987416,NA,5.14135001753268,3.02922607356252,NA,NA,1.94413021001268,1,"pl",1000,2,16,0.1,"pl 1000 2 16 0.1"
"470",10,7.00300002128839,0.12942905158314,-0.491713043869978,0.00396644204868958,NA,NA,2.01592046085529,100,"ws",1000,2,16,0.1,"ws 1000 2 16 0.1"
"471",20,6.95197629037801,0.188060711354113,-0.44276761941301,0.0255576284952083,NA,NA,2.01592046085529,100,"ws",1000,2,16,0.1,"ws 1000 2 16 0.1"
"472",30,6.71884634135416,0.326920541380784,-0.222561519333545,0.132759344708937,NA,NA,2.01592046085529,100,"ws",1000,2,16,0.1,"ws 1000 2 16 0.1"
"473",40,6.23550813952475,0.42551632828022,0.235315334376355,0.354980850991315,NA,NA,2.01592046085529,100,"ws",1000,2,16,0.1,"ws 1000 2 16 0.1"
"474",50,5.34618239959959,0.58800233772766,1.08001969590894,0.793835433698122,NA,NA,2.01592046085529,100,"ws",1000,2,16,0.1,"ws 1000 2 16 0.1"
"475",60,4.5761612993103,0.565611436792657,1.83234573195901,1.18573491027754,NA,NA,2.01592046085529,100,"ws",1000,2,16,0.1,"ws 1000 2 16 0.1"
"476",70,3.93998831269441,0.49948078686546,2.47058354726645,1.53564688447971,NA,NA,2.01592046085529,100,"ws",1000,2,16,0.1,"ws 1000 2 16 0.1"
"477",80,3.42100438538223,0.423282883219315,3.01563425382235,1.84409496948401,NA,NA,2.01592046085529,100,"ws",1000,2,16,0.1,"ws 1000 2 16 0.1"
"478",90,3.07566092665394,0.354693613710716,3.39973201213234,2.0737743128518,NA,NA,2.01592046085529,100,"ws",1000,2,16,0.1,"ws 1000 2 16 0.1"
"479",100,2.81709047921398,0.294938680778816,3.71196092213224,2.26028910955443,NA,NA,2.01592046085529,100,"ws",1000,2,16,0.1,"ws 1000 2 16 0.1"
"480",110,2.61055177246503,0.242039952654133,3.98479391689139,2.42575166695178,NA,NA,2.01586850304948,99,"ws",1000,2,16,0.1,"ws 1000 2 16 0.1"
"481",120,2.4678557243959,0.201724835743289,4.18853779319987,2.56250088083325,NA,NA,2.01676090807248,91,"ws",1000,2,16,0.1,"ws 1000 2 16 0.1"
"482",130,2.38034244508204,0.176928768626918,4.35200642000128,2.65814082813776,NA,NA,2.01827052265326,63,"ws",1000,2,16,0.1,"ws 1000 2 16 0.1"
"483",140,2.32240428453221,0.12916023806451,4.45321481698502,2.71318027249208,NA,NA,2.01771797091636,30,"ws",1000,2,16,0.1,"ws 1000 2 16 0.1"
"484",150,2.25972293291437,0.116526975830435,4.53218486214953,2.77845018564673,NA,NA,1.99602736892395,13,"ws",1000,2,16,0.1,"ws 1000 2 16 0.1"
"485",160,2.25559449878086,0.0348368044906102,4.55343206123014,2.88316937309143,NA,NA,2.02094693827763,3,"ws",1000,2,16,0.1,"ws 1000 2 16 0.1"
"486",10,6.97588855547578,0.19148388738644,-0.466072340253238,0.0153294628527612,NA,NA,2.02623033335269,100,"pl",1000,2,20,0.1,"pl 1000 2 20 0.1"
"487",20,6.80788891769583,0.361882653925666,-0.306719747651545,0.0909850675249898,NA,NA,2.02623033335269,100,"pl",1000,2,20,0.1,"pl 1000 2 20 0.1"
"488",30,5.95557407848084,0.992673641159053,0.509867205996857,0.504584767979627,NA,NA,2.02623033335269,100,"pl",1000,2,20,0.1,"pl 1000 2 20 0.1"
"489",40,4.32619455508839,1.13788772024802,2.11416547375861,1.37772118324977,NA,NA,2.02623033335269,100,"pl",1000,2,20,0.1,"pl 1000 2 20 0.1"
"490",50,3.08843834887581,0.753685702252072,3.45785345009748,2.14151257367593,NA,NA,2.02623033335269,100,"pl",1000,2,20,0.1,"pl 1000 2 20 0.1"
"491",60,2.46329798979352,0.388256126013302,4.27882324479631,2.63252271116718,NA,NA,2.02588050665267,99,"pl",1000,2,20,0.1,"pl 1000 2 20 0.1"
"492",70,2.23074984030604,0.195442238568414,4.69547785011157,2.88920429036673,NA,NA,2.02863981308446,79,"pl",1000,2,20,0.1,"pl 1000 2 20 0.1"
"493",80,2.15973435058618,0.130776348793691,4.90118162247591,2.99792699668622,NA,NA,2.03514180674705,41,"pl",1000,2,20,0.1,"pl 1000 2 20 0.1"
"494",90,2.18733795964167,0.115693031019702,4.80310350510971,2.9494957979899,NA,NA,2.04992694095705,7,"pl",1000,2,20,0.1,"pl 1000 2 20 0.1"
"495",100,2.16253365460546,0.0544726632188997,4.86232085820077,3.08443148772492,NA,NA,2.0603000603429,2,"pl",1000,2,20,0.1,"pl 1000 2 20 0.1"
"496",10,6.98372060555032,0.129805056355556,-0.486725161149076,0.00582386309816983,NA,NA,2.01036869829068,100,"ws",1000,2,20,0.1,"ws 1000 2 20 0.1"
"497",20,6.92552460669975,0.182844075897269,-0.429582077935925,0.0283305815751052,NA,NA,2.01036869829068,100,"ws",1000,2,20,0.1,"ws 1000 2 20 0.1"
"498",30,6.53650411755641,0.440610576853762,-0.0619343435792133,0.20877831728956,NA,NA,2.01036869829068,100,"ws",1000,2,20,0.1,"ws 1000 2 20 0.1"
"499",40,5.57824920774642,0.777689752497555,0.847152991238079,0.677839145830487,NA,NA,2.01036869829068,100,"ws",1000,2,20,0.1,"ws 1000 2 20 0.1"
"500",50,4.48931572036123,0.789756142474164,1.9056324401753,1.25214456149803,NA,NA,2.01036869829068,100,"ws",1000,2,20,0.1,"ws 1000 2 20 0.1"
"501",60,3.6040868108247,0.595636565155862,2.80890220121177,1.7598413534626,NA,NA,2.01036869829068,100,"ws",1000,2,20,0.1,"ws 1000 2 20 0.1"
"502",70,3.08241995740544,0.435488562722757,3.38024838670505,2.0936076978985,NA,NA,2.00860502452227,78,"ws",1000,2,20,0.1,"ws 1000 2 20 0.1"
"503",80,2.80123914071952,0.334570734350738,3.72745187869865,2.32945292972548,NA,NA,2.01657803790058,24,"ws",1000,2,20,0.1,"ws 1000 2 20 0.1"
"504",90,2.66230583176064,0.220663066686053,3.86591341364233,2.49133934980492,NA,NA,1.99087618593182,4,"ws",1000,2,20,0.1,"ws 1000 2 20 0.1"
